year,teamA_ID,teamB_ID,win_probA,TeamID,TeamName,TeamNameSpelling,TeamID_B,TeamName_B,TeamNameSpelling_B
2025,1103,1104,0.4944067154915035,1103,Akron,akron,1104,Alabama,alabama
2025,1103,1106,0.39458089989260176,1103,Akron,akron,1106,Alabama St,alabama-st
2025,1103,1110,0.576550413194484,1103,Akron,akron,1110,American Univ,american
2025,1103,1112,0.6113911925600077,1103,Akron,akron,1112,Arizona,arizona
2025,1103,1116,0.7158021926945385,1103,Akron,akron,1116,Arkansas,arkansas
2025,1103,1120,0.42680519902169756,1103,Akron,akron,1120,Auburn,auburn
2025,1103,1124,0.7703729853310965,1103,Akron,akron,1124,Baylor,baylor
2025,1103,1136,0.4014452579042533,1103,Akron,akron,1136,Bryant,bryant
2025,1103,1140,0.38251403696654035,1103,Akron,akron,1140,BYU,byu
2025,1103,1155,0.27570883323634454,1103,Akron,akron,1155,Clemson,clemson
2025,1103,1161,0.19399511978792394,1103,Akron,akron,1161,Colorado St,colorado-st
2025,1103,1163,0.5643952638544526,1103,Akron,akron,1163,Connecticut,uconn
2025,1103,1166,0.6772709761036615,1103,Akron,akron,1166,Creighton,creighton
2025,1103,1179,0.4667744327600787,1103,Akron,akron,1179,Drake,drake
2025,1103,1181,0.1026017144870563,1103,Akron,akron,1181,Duke,duke
2025,1103,1188,0.6567380897005419,1103,Akron,akron,1188,SIUE,siu-edwardsville
2025,1103,1196,0.30584421908597575,1103,Akron,akron,1196,Florida,florida
2025,1103,1208,0.753399127725321,1103,Akron,akron,1208,Georgia,georgia
2025,1103,1211,0.22396484819737061,1103,Akron,akron,1211,Gonzaga,gonzaga
2025,1103,1213,0.46135239509182985,1103,Akron,akron,1213,Grand Canyon,grand-canyon
2025,1103,1219,0.3174106427222091,1103,Akron,akron,1219,High Point,high-point
2025,1103,1222,0.352392992811951,1103,Akron,akron,1222,Houston,houston
2025,1103,1228,0.6450204242444058,1103,Akron,akron,1228,Illinois,illinois
2025,1103,1235,0.5273971933787919,1103,Akron,akron,1235,Iowa St,iowa-st
2025,1103,1242,0.7591363368503259,1103,Akron,akron,1242,Kansas,kansas
2025,1103,1246,0.5439722588504854,1103,Akron,akron,1246,Kentucky,kentucky
2025,1103,1251,0.6340844905103227,1103,Akron,akron,1251,Liberty,liberty
2025,1103,1252,0.31864015084050157,1103,Akron,akron,1252,Lipscomb,lipscomb
2025,1103,1257,0.36332368383822955,1103,Akron,akron,1257,Louisville,louisville
2025,1103,1266,0.4745136808496252,1103,Akron,akron,1266,Marquette,marquette
2025,1103,1268,0.4234565377664253,1103,Akron,akron,1268,Maryland,maryland
2025,1103,1270,0.2782638866864673,1103,Akron,akron,1270,McNeese St,mcneese
2025,1103,1272,0.4311272488549699,1103,Akron,akron,1272,Memphis,memphis
2025,1103,1276,0.7882396568373615,1103,Akron,akron,1276,Michigan,michigan
2025,1103,1277,0.4494824646942138,1103,Akron,akron,1277,Michigan St,michigan-st
2025,1103,1279,0.7940562522756885,1103,Akron,akron,1279,Mississippi,ole-miss
2025,1103,1280,0.7376524744401584,1103,Akron,akron,1280,Mississippi St,mississippi-st
2025,1103,1281,0.44723390685120434,1103,Akron,akron,1281,Missouri,missouri
2025,1103,1285,0.5285839376204836,1103,Akron,akron,1285,Montana,montana
2025,1103,1291,0.6042331287657737,1103,Akron,akron,1291,Mt St Mary's,mt-st-marys
2025,1103,1307,0.42955922017830594,1103,Akron,akron,1307,New Mexico,new-mexico
2025,1103,1313,0.4707376172037701,1103,Akron,akron,1313,Norfolk St,norfolk-st
2025,1103,1314,0.4611490222942225,1103,Akron,akron,1314,North Carolina,north-carolina
2025,1103,1328,0.8523928893733015,1103,Akron,akron,1328,Oklahoma,oklahoma
2025,1103,1332,0.4791392338776535,1103,Akron,akron,1332,Oregon,oregon
2025,1103,1345,0.6093139813656689,1103,Akron,akron,1345,Purdue,purdue
2025,1103,1352,0.3625582788029742,1103,Akron,akron,1352,Robert Morris,robert-morris
2025,1103,1361,0.480580586390418,1103,Akron,akron,1361,San Diego St,san-diego-st
2025,1103,1384,0.667494018182841,1103,Akron,akron,1384,St Francis PA,st-francis-pa
2025,1103,1385,0.4629181970536723,1103,Akron,akron,1385,St John's,st-johns-ny
2025,1103,1388,0.3111038932679635,1103,Akron,akron,1388,St Mary's CA,st-marys-ca
2025,1103,1397,0.5419180070465406,1103,Akron,akron,1397,Tennessee,tennessee
2025,1103,1400,0.8107700778297275,1103,Akron,akron,1400,Texas,texas
2025,1103,1401,0.8196936511768975,1103,Akron,akron,1401,Texas A&M,texas-am
2025,1103,1403,0.44296082734965175,1103,Akron,akron,1403,Texas Tech,texas-tech
2025,1103,1407,0.4428585723776993,1103,Akron,akron,1407,Troy,troy
2025,1103,1417,0.540350940152305,1103,Akron,akron,1417,UCLA,ucla
2025,1103,1429,0.517150411229078,1103,Akron,akron,1429,Utah St,utah-st
2025,1103,1433,0.2138767960966909,1103,Akron,akron,1433,VCU,vcu
2025,1103,1435,0.7701467359076777,1103,Akron,akron,1435,Vanderbilt,vanderbilt
2025,1103,1458,0.38584997312318436,1103,Akron,akron,1458,Wisconsin,wisconsin
2025,1103,1459,0.36700573205608444,1103,Akron,akron,1459,Wofford,wofford
2025,1103,1462,0.4399123723868665,1103,Akron,akron,1462,Xavier,xavier
2025,1103,1463,0.3793198251028324,1103,Akron,akron,1463,Yale,yale
2025,1104,1106,0.39116760379817533,1104,Alabama,alabama,1106,Alabama St,alabama-st
2025,1104,1110,0.5583329362989222,1104,Alabama,alabama,1110,American Univ,american
2025,1104,1112,0.6263003753336814,1104,Alabama,alabama,1112,Arizona,arizona
2025,1104,1116,0.6997964009800792,1104,Alabama,alabama,1116,Arkansas,arkansas
2025,1104,1120,0.40612687851643786,1104,Alabama,alabama,1120,Auburn,auburn
2025,1104,1124,0.7796545777283523,1104,Alabama,alabama,1124,Baylor,baylor
2025,1104,1136,0.40148013552972733,1104,Alabama,alabama,1136,Bryant,bryant
2025,1104,1140,0.36612571059820853,1104,Alabama,alabama,1140,BYU,byu
2025,1104,1155,0.25327780100924047,1104,Alabama,alabama,1155,Clemson,clemson
2025,1104,1161,0.16771862882347932,1104,Alabama,alabama,1161,Colorado St,colorado-st
2025,1104,1163,0.555579797624485,1104,Alabama,alabama,1163,Connecticut,uconn
2025,1104,1166,0.6748103202953688,1104,Alabama,alabama,1166,Creighton,creighton
2025,1104,1179,0.49101599111293903,1104,Alabama,alabama,1179,Drake,drake
2025,1104,1181,0.08807379537135224,1104,Alabama,alabama,1181,Duke,duke
2025,1104,1188,0.6642607297597461,1104,Alabama,alabama,1188,SIUE,siu-edwardsville
2025,1104,1196,0.27238580992693584,1104,Alabama,alabama,1196,Florida,florida
2025,1104,1208,0.7526452774622746,1104,Alabama,alabama,1208,Georgia,georgia
2025,1104,1211,0.19852960983800644,1104,Alabama,alabama,1211,Gonzaga,gonzaga
2025,1104,1213,0.4750085409817069,1104,Alabama,alabama,1213,Grand Canyon,grand-canyon
2025,1104,1219,0.3013212954445562,1104,Alabama,alabama,1219,High Point,high-point
2025,1104,1222,0.32271479000377196,1104,Alabama,alabama,1222,Houston,houston
2025,1104,1228,0.6589799290423684,1104,Alabama,alabama,1228,Illinois,illinois
2025,1104,1235,0.5265870528807343,1104,Alabama,alabama,1235,Iowa St,iowa-st
2025,1104,1242,0.7735390092368055,1104,Alabama,alabama,1242,Kansas,kansas
2025,1104,1246,0.536525337837129,1104,Alabama,alabama,1246,Kentucky,kentucky
2025,1104,1251,0.5912330586541444,1104,Alabama,alabama,1251,Liberty,liberty
2025,1104,1252,0.3033863187320781,1104,Alabama,alabama,1252,Lipscomb,lipscomb
2025,1104,1257,0.33436052383983467,1104,Alabama,alabama,1257,Louisville,louisville
2025,1104,1266,0.4679195831965333,1104,Alabama,alabama,1266,Marquette,marquette
2025,1104,1268,0.4240351392845962,1104,Alabama,alabama,1268,Maryland,maryland
2025,1104,1270,0.24803178799584918,1104,Alabama,alabama,1270,McNeese St,mcneese
2025,1104,1272,0.423899378896047,1104,Alabama,alabama,1272,Memphis,memphis
2025,1104,1276,0.8035498496421838,1104,Alabama,alabama,1276,Michigan,michigan
2025,1104,1277,0.44545255584363025,1104,Alabama,alabama,1277,Michigan St,michigan-st
2025,1104,1279,0.8195769422448412,1104,Alabama,alabama,1279,Mississippi,ole-miss
2025,1104,1280,0.7490794875278514,1104,Alabama,alabama,1280,Mississippi St,mississippi-st
2025,1104,1281,0.39809494933994233,1104,Alabama,alabama,1281,Missouri,missouri
2025,1104,1285,0.49402684928997653,1104,Alabama,alabama,1285,Montana,montana
2025,1104,1291,0.5940621720317703,1104,Alabama,alabama,1291,Mt St Mary's,mt-st-marys
2025,1104,1307,0.43282683127644717,1104,Alabama,alabama,1307,New Mexico,new-mexico
2025,1104,1313,0.4593404762244719,1104,Alabama,alabama,1313,Norfolk St,norfolk-st
2025,1104,1314,0.45777259244067525,1104,Alabama,alabama,1314,North Carolina,north-carolina
2025,1104,1328,0.8727809992682056,1104,Alabama,alabama,1328,Oklahoma,oklahoma
2025,1104,1332,0.47925306776985704,1104,Alabama,alabama,1332,Oregon,oregon
2025,1104,1345,0.624734252201404,1104,Alabama,alabama,1345,Purdue,purdue
2025,1104,1352,0.3600129581181568,1104,Alabama,alabama,1352,Robert Morris,robert-morris
2025,1104,1361,0.4454249470700774,1104,Alabama,alabama,1361,San Diego St,san-diego-st
2025,1104,1384,0.6858328211390099,1104,Alabama,alabama,1384,St Francis PA,st-francis-pa
2025,1104,1385,0.4652017924964378,1104,Alabama,alabama,1385,St John's,st-johns-ny
2025,1104,1388,0.3065602045373142,1104,Alabama,alabama,1388,St Mary's CA,st-marys-ca
2025,1104,1397,0.5664166923027912,1104,Alabama,alabama,1397,Tennessee,tennessee
2025,1104,1400,0.8302280394670469,1104,Alabama,alabama,1400,Texas,texas
2025,1104,1401,0.8469147574791976,1104,Alabama,alabama,1401,Texas A&M,texas-am
2025,1104,1403,0.43578523798327207,1104,Alabama,alabama,1403,Texas Tech,texas-tech
2025,1104,1407,0.45464305224086077,1104,Alabama,alabama,1407,Troy,troy
2025,1104,1417,0.5588933607922307,1104,Alabama,alabama,1417,UCLA,ucla
2025,1104,1429,0.5245244659930045,1104,Alabama,alabama,1429,Utah St,utah-st
2025,1104,1433,0.18537353771882148,1104,Alabama,alabama,1433,VCU,vcu
2025,1104,1435,0.7838808773334918,1104,Alabama,alabama,1435,Vanderbilt,vanderbilt
2025,1104,1458,0.37156371938299326,1104,Alabama,alabama,1458,Wisconsin,wisconsin
2025,1104,1459,0.3681839547036476,1104,Alabama,alabama,1459,Wofford,wofford
2025,1104,1462,0.4037446280884612,1104,Alabama,alabama,1462,Xavier,xavier
2025,1104,1463,0.36668921508460084,1104,Alabama,alabama,1463,Yale,yale
2025,1106,1110,0.6659802846258577,1106,Alabama St,alabama-st,1110,American Univ,american
2025,1106,1112,0.7121280099219888,1106,Alabama St,alabama-st,1112,Arizona,arizona
2025,1106,1116,0.7429276922355992,1106,Alabama St,alabama-st,1116,Arkansas,arkansas
2025,1106,1120,0.4635973408652061,1106,Alabama St,alabama-st,1120,Auburn,auburn
2025,1106,1124,0.8185370996461109,1106,Alabama St,alabama-st,1124,Baylor,baylor
2025,1106,1136,0.5499162817932592,1106,Alabama St,alabama-st,1136,Bryant,bryant
2025,1106,1140,0.37527248193351365,1106,Alabama St,alabama-st,1140,BYU,byu
2025,1106,1155,0.34435851679873386,1106,Alabama St,alabama-st,1155,Clemson,clemson
2025,1106,1161,0.20754145396250417,1106,Alabama St,alabama-st,1161,Colorado St,colorado-st
2025,1106,1163,0.6721917011878473,1106,Alabama St,alabama-st,1163,Connecticut,uconn
2025,1106,1166,0.6556650839700865,1106,Alabama St,alabama-st,1166,Creighton,creighton
2025,1106,1179,0.6002249903478473,1106,Alabama St,alabama-st,1179,Drake,drake
2025,1106,1181,0.10126915810648779,1106,Alabama St,alabama-st,1181,Duke,duke
2025,1106,1188,0.7042570600739464,1106,Alabama St,alabama-st,1188,SIUE,siu-edwardsville
2025,1106,1196,0.34227185834859697,1106,Alabama St,alabama-st,1196,Florida,florida
2025,1106,1208,0.8098126197155555,1106,Alabama St,alabama-st,1208,Georgia,georgia
2025,1106,1211,0.24659132313478638,1106,Alabama St,alabama-st,1211,Gonzaga,gonzaga
2025,1106,1213,0.529880873979187,1106,Alabama St,alabama-st,1213,Grand Canyon,grand-canyon
2025,1106,1219,0.3821684020484856,1106,Alabama St,alabama-st,1219,High Point,high-point
2025,1106,1222,0.46157274399440357,1106,Alabama St,alabama-st,1222,Houston,houston
2025,1106,1228,0.7308078787198069,1106,Alabama St,alabama-st,1228,Illinois,illinois
2025,1106,1235,0.668402303007513,1106,Alabama St,alabama-st,1235,Iowa St,iowa-st
2025,1106,1242,0.7813966607250095,1106,Alabama St,alabama-st,1242,Kansas,kansas
2025,1106,1246,0.6444440502014916,1106,Alabama St,alabama-st,1246,Kentucky,kentucky
2025,1106,1251,0.5775655330639099,1106,Alabama St,alabama-st,1251,Liberty,liberty
2025,1106,1252,0.3405680093160601,1106,Alabama St,alabama-st,1252,Lipscomb,lipscomb
2025,1106,1257,0.3637989972208434,1106,Alabama St,alabama-st,1257,Louisville,louisville
2025,1106,1266,0.5764765656408433,1106,Alabama St,alabama-st,1266,Marquette,marquette
2025,1106,1268,0.5200660047617813,1106,Alabama St,alabama-st,1268,Maryland,maryland
2025,1106,1270,0.3233567183273145,1106,Alabama St,alabama-st,1270,McNeese St,mcneese
2025,1106,1272,0.5232424842618465,1106,Alabama St,alabama-st,1272,Memphis,memphis
2025,1106,1276,0.8216651123072881,1106,Alabama St,alabama-st,1276,Michigan,michigan
2025,1106,1277,0.5418981172589745,1106,Alabama St,alabama-st,1277,Michigan St,michigan-st
2025,1106,1279,0.8779830603135961,1106,Alabama St,alabama-st,1279,Mississippi,ole-miss
2025,1106,1280,0.7945877467556497,1106,Alabama St,alabama-st,1280,Mississippi St,mississippi-st
2025,1106,1281,0.4946985887316284,1106,Alabama St,alabama-st,1281,Missouri,missouri
2025,1106,1285,0.5862320082711115,1106,Alabama St,alabama-st,1285,Montana,montana
2025,1106,1291,0.6058414269276537,1106,Alabama St,alabama-st,1291,Mt St Mary's,mt-st-marys
2025,1106,1307,0.5602032399022163,1106,Alabama St,alabama-st,1307,New Mexico,new-mexico
2025,1106,1313,0.6154967883605813,1106,Alabama St,alabama-st,1313,Norfolk St,norfolk-st
2025,1106,1314,0.43584543060750364,1106,Alabama St,alabama-st,1314,North Carolina,north-carolina
2025,1106,1328,0.8854218375350587,1106,Alabama St,alabama-st,1328,Oklahoma,oklahoma
2025,1106,1332,0.6013508166276758,1106,Alabama St,alabama-st,1332,Oregon,oregon
2025,1106,1345,0.6876475563537432,1106,Alabama St,alabama-st,1345,Purdue,purdue
2025,1106,1352,0.38725026174364635,1106,Alabama St,alabama-st,1352,Robert Morris,robert-morris
2025,1106,1361,0.5747697022247453,1106,Alabama St,alabama-st,1361,San Diego St,san-diego-st
2025,1106,1384,0.7046521495034215,1106,Alabama St,alabama-st,1384,St Francis PA,st-francis-pa
2025,1106,1385,0.6020179749666374,1106,Alabama St,alabama-st,1385,St John's,st-johns-ny
2025,1106,1388,0.42707622289329933,1106,Alabama St,alabama-st,1388,St Mary's CA,st-marys-ca
2025,1106,1397,0.5755535750386285,1106,Alabama St,alabama-st,1397,Tennessee,tennessee
2025,1106,1400,0.8682876210514434,1106,Alabama St,alabama-st,1400,Texas,texas
2025,1106,1401,0.8527031262341984,1106,Alabama St,alabama-st,1401,Texas A&M,texas-am
2025,1106,1403,0.5654400327523968,1106,Alabama St,alabama-st,1403,Texas Tech,texas-tech
2025,1106,1407,0.5682582138982583,1106,Alabama St,alabama-st,1407,Troy,troy
2025,1106,1417,0.651360970204966,1106,Alabama St,alabama-st,1417,UCLA,ucla
2025,1106,1429,0.6339260415334597,1106,Alabama St,alabama-st,1429,Utah St,utah-st
2025,1106,1433,0.2409769182869701,1106,Alabama St,alabama-st,1433,VCU,vcu
2025,1106,1435,0.8085862072143355,1106,Alabama St,alabama-st,1435,Vanderbilt,vanderbilt
2025,1106,1458,0.5093425356340984,1106,Alabama St,alabama-st,1458,Wisconsin,wisconsin
2025,1106,1459,0.5202608516708199,1106,Alabama St,alabama-st,1459,Wofford,wofford
2025,1106,1462,0.5306353625766499,1106,Alabama St,alabama-st,1462,Xavier,xavier
2025,1106,1463,0.4582533942256767,1106,Alabama St,alabama-st,1463,Yale,yale
2025,1110,1112,0.5441462868970428,1110,American Univ,american,1112,Arizona,arizona
2025,1110,1116,0.6110339084144429,1110,American Univ,american,1116,Arkansas,arkansas
2025,1110,1120,0.3365260293066995,1110,American Univ,american,1120,Auburn,auburn
2025,1110,1124,0.6818552657720472,1110,American Univ,american,1124,Baylor,baylor
2025,1110,1136,0.38137422342454796,1110,American Univ,american,1136,Bryant,bryant
2025,1110,1140,0.2797005395238998,1110,American Univ,american,1140,BYU,byu
2025,1110,1155,0.23571901418382124,1110,American Univ,american,1155,Clemson,clemson
2025,1110,1161,0.14811716430796373,1110,American Univ,american,1161,Colorado St,colorado-st
2025,1110,1163,0.48735580356479435,1110,American Univ,american,1163,Connecticut,uconn
2025,1110,1166,0.5501348346685313,1110,American Univ,american,1166,Creighton,creighton
2025,1110,1179,0.41692592708594417,1110,American Univ,american,1179,Drake,drake
2025,1110,1181,0.05915944685158714,1110,American Univ,american,1181,Duke,duke
2025,1110,1188,0.579074584240504,1110,American Univ,american,1188,SIUE,siu-edwardsville
2025,1110,1196,0.21528210477926119,1110,American Univ,american,1196,Florida,florida
2025,1110,1208,0.6684829444562883,1110,American Univ,american,1208,Georgia,georgia
2025,1110,1211,0.16578177999238852,1110,American Univ,american,1211,Gonzaga,gonzaga
2025,1110,1213,0.41078777490932883,1110,American Univ,american,1213,Grand Canyon,grand-canyon
2025,1110,1219,0.26176357200607425,1110,American Univ,american,1219,High Point,high-point
2025,1110,1222,0.3163838978129261,1110,American Univ,american,1222,Houston,houston
2025,1110,1228,0.5775112951884694,1110,American Univ,american,1228,Illinois,illinois
2025,1110,1235,0.5063285959885117,1110,American Univ,american,1235,Iowa St,iowa-st
2025,1110,1242,0.6747106347764066,1110,American Univ,american,1242,Kansas,kansas
2025,1110,1246,0.49198629699596275,1110,American Univ,american,1246,Kentucky,kentucky
2025,1110,1251,0.4534032184566594,1110,American Univ,american,1251,Liberty,liberty
2025,1110,1252,0.2466751876891266,1110,American Univ,american,1252,Lipscomb,lipscomb
2025,1110,1257,0.2642867436462508,1110,American Univ,american,1257,Louisville,louisville
2025,1110,1266,0.42944304194465444,1110,American Univ,american,1266,Marquette,marquette
2025,1110,1268,0.41098294566327354,1110,American Univ,american,1268,Maryland,maryland
2025,1110,1270,0.20788373569047058,1110,American Univ,american,1270,McNeese St,mcneese
2025,1110,1272,0.370114570572997,1110,American Univ,american,1272,Memphis,memphis
2025,1110,1276,0.701922209905383,1110,American Univ,american,1276,Michigan,michigan
2025,1110,1277,0.3936631833026067,1110,American Univ,american,1277,Michigan St,michigan-st
2025,1110,1279,0.7590399593451397,1110,American Univ,american,1279,Mississippi,ole-miss
2025,1110,1280,0.6746520302204544,1110,American Univ,american,1280,Mississippi St,mississippi-st
2025,1110,1281,0.35940487256834086,1110,American Univ,american,1281,Missouri,missouri
2025,1110,1285,0.4243899343976526,1110,American Univ,american,1285,Montana,montana
2025,1110,1291,0.45490815170678917,1110,American Univ,american,1291,Mt St Mary's,mt-st-marys
2025,1110,1307,0.39337887517631115,1110,American Univ,american,1307,New Mexico,new-mexico
2025,1110,1313,0.4754287656324523,1110,American Univ,american,1313,Norfolk St,norfolk-st
2025,1110,1314,0.3314491949150776,1110,American Univ,american,1314,North Carolina,north-carolina
2025,1110,1328,0.8116797981998081,1110,American Univ,american,1328,Oklahoma,oklahoma
2025,1110,1332,0.4135768603051844,1110,American Univ,american,1332,Oregon,oregon
2025,1110,1345,0.5411878745874645,1110,American Univ,american,1345,Purdue,purdue
2025,1110,1352,0.2731351760430716,1110,American Univ,american,1352,Robert Morris,robert-morris
2025,1110,1361,0.40505943400734495,1110,American Univ,american,1361,San Diego St,san-diego-st
2025,1110,1384,0.5867667599070759,1110,American Univ,american,1384,St Francis PA,st-francis-pa
2025,1110,1385,0.4059190462688562,1110,American Univ,american,1385,St John's,st-johns-ny
2025,1110,1388,0.2933895370734994,1110,American Univ,american,1388,St Mary's CA,st-marys-ca
2025,1110,1397,0.4458370813421751,1110,American Univ,american,1397,Tennessee,tennessee
2025,1110,1400,0.7732954349459206,1110,American Univ,american,1400,Texas,texas
2025,1110,1401,0.7628562693074805,1110,American Univ,american,1401,Texas A&M,texas-am
2025,1110,1403,0.42545265175240676,1110,American Univ,american,1403,Texas Tech,texas-tech
2025,1110,1407,0.382762277222536,1110,American Univ,american,1407,Troy,troy
2025,1110,1417,0.5118634324586226,1110,American Univ,american,1417,UCLA,ucla
2025,1110,1429,0.47115224197210015,1110,American Univ,american,1429,Utah St,utah-st
2025,1110,1433,0.16836306168843018,1110,American Univ,american,1433,VCU,vcu
2025,1110,1435,0.7048548679711655,1110,American Univ,american,1435,Vanderbilt,vanderbilt
2025,1110,1458,0.378438503534408,1110,American Univ,american,1458,Wisconsin,wisconsin
2025,1110,1459,0.34192307618748996,1110,American Univ,american,1459,Wofford,wofford
2025,1110,1462,0.375007996816221,1110,American Univ,american,1462,Xavier,xavier
2025,1110,1463,0.3183773545799862,1110,American Univ,american,1463,Yale,yale
2025,1112,1116,0.6251971260298302,1112,Arizona,arizona,1116,Arkansas,arkansas
2025,1112,1120,0.2896849495831311,1112,Arizona,arizona,1120,Auburn,auburn
2025,1112,1124,0.669199480535769,1112,Arizona,arizona,1124,Baylor,baylor
2025,1112,1136,0.3555237252047201,1112,Arizona,arizona,1136,Bryant,bryant
2025,1112,1140,0.2047815839730157,1112,Arizona,arizona,1140,BYU,byu
2025,1112,1155,0.2102414535733803,1112,Arizona,arizona,1155,Clemson,clemson
2025,1112,1161,0.08891006897160392,1112,Arizona,arizona,1161,Colorado St,colorado-st
2025,1112,1163,0.4603984952129279,1112,Arizona,arizona,1163,Connecticut,uconn
2025,1112,1166,0.5223398085805598,1112,Arizona,arizona,1166,Creighton,creighton
2025,1112,1179,0.4177370184803552,1112,Arizona,arizona,1179,Drake,drake
2025,1112,1181,0.029781890996448734,1112,Arizona,arizona,1181,Duke,duke
2025,1112,1188,0.541953418803692,1112,Arizona,arizona,1188,SIUE,siu-edwardsville
2025,1112,1196,0.1980982371028146,1112,Arizona,arizona,1196,Florida,florida
2025,1112,1208,0.6568047587713104,1112,Arizona,arizona,1208,Georgia,georgia
2025,1112,1211,0.11891233824814301,1112,Arizona,arizona,1211,Gonzaga,gonzaga
2025,1112,1213,0.3757363873014099,1112,Arizona,arizona,1213,Grand Canyon,grand-canyon
2025,1112,1219,0.1966196193091082,1112,Arizona,arizona,1219,High Point,high-point
2025,1112,1222,0.2759870272193965,1112,Arizona,arizona,1222,Houston,houston
2025,1112,1228,0.5584131413713512,1112,Arizona,arizona,1228,Illinois,illinois
2025,1112,1235,0.5148671580033714,1112,Arizona,arizona,1235,Iowa St,iowa-st
2025,1112,1242,0.6675957249397775,1112,Arizona,arizona,1242,Kansas,kansas
2025,1112,1246,0.5012519345893443,1112,Arizona,arizona,1246,Kentucky,kentucky
2025,1112,1251,0.4533474544784081,1112,Arizona,arizona,1251,Liberty,liberty
2025,1112,1252,0.22745276068892395,1112,Arizona,arizona,1252,Lipscomb,lipscomb
2025,1112,1257,0.24575716430296912,1112,Arizona,arizona,1257,Louisville,louisville
2025,1112,1266,0.39379263189566344,1112,Arizona,arizona,1266,Marquette,marquette
2025,1112,1268,0.39560805956423883,1112,Arizona,arizona,1268,Maryland,maryland
2025,1112,1270,0.1675558355810623,1112,Arizona,arizona,1270,McNeese St,mcneese
2025,1112,1272,0.35935857108346225,1112,Arizona,arizona,1272,Memphis,memphis
2025,1112,1276,0.6777018101272207,1112,Arizona,arizona,1276,Michigan,michigan
2025,1112,1277,0.3658111522375299,1112,Arizona,arizona,1277,Michigan St,michigan-st
2025,1112,1279,0.7142758922116854,1112,Arizona,arizona,1279,Mississippi,ole-miss
2025,1112,1280,0.6338530359112073,1112,Arizona,arizona,1280,Mississippi St,mississippi-st
2025,1112,1281,0.3428739213991215,1112,Arizona,arizona,1281,Missouri,missouri
2025,1112,1285,0.4087718828336777,1112,Arizona,arizona,1285,Montana,montana
2025,1112,1291,0.39497396400258705,1112,Arizona,arizona,1291,Mt St Mary's,mt-st-marys
2025,1112,1307,0.3904543181133225,1112,Arizona,arizona,1307,New Mexico,new-mexico
2025,1112,1313,0.4683127155126093,1112,Arizona,arizona,1313,Norfolk St,norfolk-st
2025,1112,1314,0.2618970588785508,1112,Arizona,arizona,1314,North Carolina,north-carolina
2025,1112,1328,0.7748725944753136,1112,Arizona,arizona,1328,Oklahoma,oklahoma
2025,1112,1332,0.43177710764905997,1112,Arizona,arizona,1332,Oregon,oregon
2025,1112,1345,0.4651154192546904,1112,Arizona,arizona,1345,Purdue,purdue
2025,1112,1352,0.24657739048602195,1112,Arizona,arizona,1352,Robert Morris,robert-morris
2025,1112,1361,0.421781501157486,1112,Arizona,arizona,1361,San Diego St,san-diego-st
2025,1112,1384,0.5440991269009315,1112,Arizona,arizona,1384,St Francis PA,st-francis-pa
2025,1112,1385,0.3954746396315528,1112,Arizona,arizona,1385,St John's,st-johns-ny
2025,1112,1388,0.28374751477486415,1112,Arizona,arizona,1388,St Mary's CA,st-marys-ca
2025,1112,1397,0.4258882953193414,1112,Arizona,arizona,1397,Tennessee,tennessee
2025,1112,1400,0.754991137687111,1112,Arizona,arizona,1400,Texas,texas
2025,1112,1401,0.7216384882795046,1112,Arizona,arizona,1401,Texas A&M,texas-am
2025,1112,1403,0.3797229852035928,1112,Arizona,arizona,1403,Texas Tech,texas-tech
2025,1112,1407,0.40356527309118945,1112,Arizona,arizona,1407,Troy,troy
2025,1112,1417,0.4961279453531494,1112,Arizona,arizona,1417,UCLA,ucla
2025,1112,1429,0.42855352963160637,1112,Arizona,arizona,1429,Utah St,utah-st
2025,1112,1433,0.1152277901793563,1112,Arizona,arizona,1433,VCU,vcu
2025,1112,1435,0.6779591055102974,1112,Arizona,arizona,1435,Vanderbilt,vanderbilt
2025,1112,1458,0.3581824957504891,1112,Arizona,arizona,1458,Wisconsin,wisconsin
2025,1112,1459,0.31615157414034134,1112,Arizona,arizona,1459,Wofford,wofford
2025,1112,1462,0.4034083370930923,1112,Arizona,arizona,1462,Xavier,xavier
2025,1112,1463,0.30453471380259295,1112,Arizona,arizona,1463,Yale,yale
2025,1116,1120,0.2080056017014844,1116,Arkansas,arkansas,1120,Auburn,auburn
2025,1116,1124,0.5435927122865227,1116,Arkansas,arkansas,1124,Baylor,baylor
2025,1116,1136,0.2565790041757458,1116,Arkansas,arkansas,1136,Bryant,bryant
2025,1116,1140,0.18700868232208634,1116,Arkansas,arkansas,1140,BYU,byu
2025,1116,1155,0.1311958565345065,1116,Arkansas,arkansas,1155,Clemson,clemson
2025,1116,1161,0.08321421221146069,1116,Arkansas,arkansas,1161,Colorado St,colorado-st
2025,1116,1163,0.31400293081996916,1116,Arkansas,arkansas,1163,Connecticut,uconn
2025,1116,1166,0.41517256247126405,1116,Arkansas,arkansas,1166,Creighton,creighton
2025,1116,1179,0.27429748639872176,1116,Arkansas,arkansas,1179,Drake,drake
2025,1116,1181,0.03209398272121439,1116,Arkansas,arkansas,1181,Duke,duke
2025,1116,1188,0.46009418326662477,1116,Arkansas,arkansas,1188,SIUE,siu-edwardsville
2025,1116,1196,0.12566330242014334,1116,Arkansas,arkansas,1196,Florida,florida
2025,1116,1208,0.564309837156528,1116,Arkansas,arkansas,1208,Georgia,georgia
2025,1116,1211,0.08569824052426078,1116,Arkansas,arkansas,1211,Gonzaga,gonzaga
2025,1116,1213,0.27276227276740367,1116,Arkansas,arkansas,1213,Grand Canyon,grand-canyon
2025,1116,1219,0.14910835249808252,1116,Arkansas,arkansas,1219,High Point,high-point
2025,1116,1222,0.19811607031534878,1116,Arkansas,arkansas,1222,Houston,houston
2025,1116,1228,0.43357623667515227,1116,Arkansas,arkansas,1228,Illinois,illinois
2025,1116,1235,0.35309537859298307,1116,Arkansas,arkansas,1235,Iowa St,iowa-st
2025,1116,1242,0.5493639502436584,1116,Arkansas,arkansas,1242,Kansas,kansas
2025,1116,1246,0.3286111552784688,1116,Arkansas,arkansas,1246,Kentucky,kentucky
2025,1116,1251,0.33717277603201246,1116,Arkansas,arkansas,1251,Liberty,liberty
2025,1116,1252,0.12930941585423444,1116,Arkansas,arkansas,1252,Lipscomb,lipscomb
2025,1116,1257,0.15343166339018632,1116,Arkansas,arkansas,1257,Louisville,louisville
2025,1116,1266,0.27657250941356704,1116,Arkansas,arkansas,1266,Marquette,marquette
2025,1116,1268,0.2542089321588449,1116,Arkansas,arkansas,1268,Maryland,maryland
2025,1116,1270,0.13050038591697705,1116,Arkansas,arkansas,1270,McNeese St,mcneese
2025,1116,1272,0.2159736179057848,1116,Arkansas,arkansas,1272,Memphis,memphis
2025,1116,1276,0.6135617975991989,1116,Arkansas,arkansas,1276,Michigan,michigan
2025,1116,1277,0.25858413211824893,1116,Arkansas,arkansas,1277,Michigan St,michigan-st
2025,1116,1279,0.6348099588263667,1116,Arkansas,arkansas,1279,Mississippi,ole-miss
2025,1116,1280,0.5214277027002393,1116,Arkansas,arkansas,1280,Mississippi St,mississippi-st
2025,1116,1281,0.23525720816312728,1116,Arkansas,arkansas,1281,Missouri,missouri
2025,1116,1285,0.2972503432023298,1116,Arkansas,arkansas,1285,Montana,montana
2025,1116,1291,0.3081638355456785,1116,Arkansas,arkansas,1291,Mt St Mary's,mt-st-marys
2025,1116,1307,0.2744183101238365,1116,Arkansas,arkansas,1307,New Mexico,new-mexico
2025,1116,1313,0.3058513716536827,1116,Arkansas,arkansas,1313,Norfolk St,norfolk-st
2025,1116,1314,0.2231290000203751,1116,Arkansas,arkansas,1314,North Carolina,north-carolina
2025,1116,1328,0.6649719746574402,1116,Arkansas,arkansas,1328,Oklahoma,oklahoma
2025,1116,1332,0.31551179375951044,1116,Arkansas,arkansas,1332,Oregon,oregon
2025,1116,1345,0.3780609112352854,1116,Arkansas,arkansas,1345,Purdue,purdue
2025,1116,1352,0.16452221778647036,1116,Arkansas,arkansas,1352,Robert Morris,robert-morris
2025,1116,1361,0.271350906677453,1116,Arkansas,arkansas,1361,San Diego St,san-diego-st
2025,1116,1384,0.4631699180165904,1116,Arkansas,arkansas,1384,St Francis PA,st-francis-pa
2025,1116,1385,0.29873149189406895,1116,Arkansas,arkansas,1385,St John's,st-johns-ny
2025,1116,1388,0.15379541112805606,1116,Arkansas,arkansas,1388,St Mary's CA,st-marys-ca
2025,1116,1397,0.32145402718389027,1116,Arkansas,arkansas,1397,Tennessee,tennessee
2025,1116,1400,0.6264440967220152,1116,Arkansas,arkansas,1400,Texas,texas
2025,1116,1401,0.6397805412696123,1116,Arkansas,arkansas,1401,Texas A&M,texas-am
2025,1116,1403,0.2770709011138829,1116,Arkansas,arkansas,1403,Texas Tech,texas-tech
2025,1116,1407,0.2308355497563318,1116,Arkansas,arkansas,1407,Troy,troy
2025,1116,1417,0.37341136209323045,1116,Arkansas,arkansas,1417,UCLA,ucla
2025,1116,1429,0.33018388973726387,1116,Arkansas,arkansas,1429,Utah St,utah-st
2025,1116,1433,0.08048575110374939,1116,Arkansas,arkansas,1433,VCU,vcu
2025,1116,1435,0.5561725063633456,1116,Arkansas,arkansas,1435,Vanderbilt,vanderbilt
2025,1116,1458,0.2237117658162322,1116,Arkansas,arkansas,1458,Wisconsin,wisconsin
2025,1116,1459,0.20157626078813784,1116,Arkansas,arkansas,1459,Wofford,wofford
2025,1116,1462,0.2365841529016054,1116,Arkansas,arkansas,1462,Xavier,xavier
2025,1116,1463,0.1959596053387756,1116,Arkansas,arkansas,1463,Yale,yale
2025,1120,1124,0.8440857787177543,1120,Auburn,auburn,1124,Baylor,baylor
2025,1120,1136,0.5219579608221078,1120,Auburn,auburn,1136,Bryant,bryant
2025,1120,1140,0.4778273020743565,1120,Auburn,auburn,1140,BYU,byu
2025,1120,1155,0.40205318022752723,1120,Auburn,auburn,1155,Clemson,clemson
2025,1120,1161,0.3146781897757398,1120,Auburn,auburn,1161,Colorado St,colorado-st
2025,1120,1163,0.6414570304882599,1120,Auburn,auburn,1163,Connecticut,uconn
2025,1120,1166,0.7112918613817936,1120,Auburn,auburn,1166,Creighton,creighton
2025,1120,1179,0.61548160362681,1120,Auburn,auburn,1179,Drake,drake
2025,1120,1181,0.17258617802323734,1120,Auburn,auburn,1181,Duke,duke
2025,1120,1188,0.7568616118612557,1120,Auburn,auburn,1188,SIUE,siu-edwardsville
2025,1120,1196,0.42873106140226735,1120,Auburn,auburn,1196,Florida,florida
2025,1120,1208,0.823640399234174,1120,Auburn,auburn,1208,Georgia,georgia
2025,1120,1211,0.3575939936469123,1120,Auburn,auburn,1211,Gonzaga,gonzaga
2025,1120,1213,0.6192072275031181,1120,Auburn,auburn,1213,Grand Canyon,grand-canyon
2025,1120,1219,0.42479965483776966,1120,Auburn,auburn,1219,High Point,high-point
2025,1120,1222,0.519999957785756,1120,Auburn,auburn,1222,Houston,houston
2025,1120,1228,0.775004500905821,1120,Auburn,auburn,1228,Illinois,illinois
2025,1120,1235,0.6627020835292965,1120,Auburn,auburn,1235,Iowa St,iowa-st
2025,1120,1242,0.8302995478912951,1120,Auburn,auburn,1242,Kansas,kansas
2025,1120,1246,0.6641925174067693,1120,Auburn,auburn,1246,Kentucky,kentucky
2025,1120,1251,0.6679860224033098,1120,Auburn,auburn,1251,Liberty,liberty
2025,1120,1252,0.4255886970010797,1120,Auburn,auburn,1252,Lipscomb,lipscomb
2025,1120,1257,0.4741696986461852,1120,Auburn,auburn,1257,Louisville,louisville
2025,1120,1266,0.6151758552395462,1120,Auburn,auburn,1266,Marquette,marquette
2025,1120,1268,0.6052280395620862,1120,Auburn,auburn,1268,Maryland,maryland
2025,1120,1270,0.3999415800263698,1120,Auburn,auburn,1270,McNeese St,mcneese
2025,1120,1272,0.5364552448837001,1120,Auburn,auburn,1272,Memphis,memphis
2025,1120,1276,0.8592169926812256,1120,Auburn,auburn,1276,Michigan,michigan
2025,1120,1277,0.5628481609894629,1120,Auburn,auburn,1277,Michigan St,michigan-st
2025,1120,1279,0.9160284246442595,1120,Auburn,auburn,1279,Mississippi,ole-miss
2025,1120,1280,0.8434452485425159,1120,Auburn,auburn,1280,Mississippi St,mississippi-st
2025,1120,1281,0.5487213899512053,1120,Auburn,auburn,1281,Missouri,missouri
2025,1120,1285,0.6113798651812503,1120,Auburn,auburn,1285,Montana,montana
2025,1120,1291,0.6638654800630929,1120,Auburn,auburn,1291,Mt St Mary's,mt-st-marys
2025,1120,1307,0.5722793874217965,1120,Auburn,auburn,1307,New Mexico,new-mexico
2025,1120,1313,0.6111212534284592,1120,Auburn,auburn,1313,Norfolk St,norfolk-st
2025,1120,1314,0.5569532252491362,1120,Auburn,auburn,1314,North Carolina,north-carolina
2025,1120,1328,0.9286817325334018,1120,Auburn,auburn,1328,Oklahoma,oklahoma
2025,1120,1332,0.6331885541335526,1120,Auburn,auburn,1332,Oregon,oregon
2025,1120,1345,0.7253342136700235,1120,Auburn,auburn,1345,Purdue,purdue
2025,1120,1352,0.5146734992225728,1120,Auburn,auburn,1352,Robert Morris,robert-morris
2025,1120,1361,0.6176085870189759,1120,Auburn,auburn,1361,San Diego St,san-diego-st
2025,1120,1384,0.7756129980298189,1120,Auburn,auburn,1384,St Francis PA,st-francis-pa
2025,1120,1385,0.5995004660816102,1120,Auburn,auburn,1385,St John's,st-johns-ny
2025,1120,1388,0.46073451588529246,1120,Auburn,auburn,1388,St Mary's CA,st-marys-ca
2025,1120,1397,0.7073329389649038,1120,Auburn,auburn,1397,Tennessee,tennessee
2025,1120,1400,0.9081292636083799,1120,Auburn,auburn,1400,Texas,texas
2025,1120,1401,0.9120969272208264,1120,Auburn,auburn,1401,Texas A&M,texas-am
2025,1120,1403,0.6017947283422748,1120,Auburn,auburn,1403,Texas Tech,texas-tech
2025,1120,1407,0.5763090789195822,1120,Auburn,auburn,1407,Troy,troy
2025,1120,1417,0.6823616202479905,1120,Auburn,auburn,1417,UCLA,ucla
2025,1120,1429,0.6310685068067909,1120,Auburn,auburn,1429,Utah St,utah-st
2025,1120,1433,0.2998963683817746,1120,Auburn,auburn,1433,VCU,vcu
2025,1120,1435,0.8678648881530965,1120,Auburn,auburn,1435,Vanderbilt,vanderbilt
2025,1120,1458,0.5478221422233613,1120,Auburn,auburn,1458,Wisconsin,wisconsin
2025,1120,1459,0.4789857171680788,1120,Auburn,auburn,1459,Wofford,wofford
2025,1120,1462,0.5801545088564724,1120,Auburn,auburn,1462,Xavier,xavier
2025,1120,1463,0.5332519616488529,1120,Auburn,auburn,1463,Yale,yale
2025,1124,1136,0.23188136893414235,1124,Baylor,baylor,1136,Bryant,bryant
2025,1124,1140,0.11685506201780432,1124,Baylor,baylor,1140,BYU,byu
2025,1124,1155,0.09395895391116954,1124,Baylor,baylor,1155,Clemson,clemson
2025,1124,1161,0.0416239556838961,1124,Baylor,baylor,1161,Colorado St,colorado-st
2025,1124,1163,0.27685109698887356,1124,Baylor,baylor,1163,Connecticut,uconn
2025,1124,1166,0.3472129921839929,1124,Baylor,baylor,1166,Creighton,creighton
2025,1124,1179,0.24927855335504845,1124,Baylor,baylor,1179,Drake,drake
2025,1124,1181,0.01242976596904699,1124,Baylor,baylor,1181,Duke,duke
2025,1124,1188,0.3823941700339684,1124,Baylor,baylor,1188,SIUE,siu-edwardsville
2025,1124,1196,0.07892937614044043,1124,Baylor,baylor,1196,Florida,florida
2025,1124,1208,0.4721834494707188,1124,Baylor,baylor,1208,Georgia,georgia
2025,1124,1211,0.04931480570706248,1124,Baylor,baylor,1211,Gonzaga,gonzaga
2025,1124,1213,0.24525274942113062,1124,Baylor,baylor,1213,Grand Canyon,grand-canyon
2025,1124,1219,0.09939772511565464,1124,Baylor,baylor,1219,High Point,high-point
2025,1124,1222,0.13721549675505473,1124,Baylor,baylor,1222,Houston,houston
2025,1124,1228,0.3840423623986428,1124,Baylor,baylor,1228,Illinois,illinois
2025,1124,1235,0.34042313531599105,1124,Baylor,baylor,1235,Iowa St,iowa-st
2025,1124,1242,0.49257490045031255,1124,Baylor,baylor,1242,Kansas,kansas
2025,1124,1246,0.31801004677969447,1124,Baylor,baylor,1246,Kentucky,kentucky
2025,1124,1251,0.27537355773776206,1124,Baylor,baylor,1251,Liberty,liberty
2025,1124,1252,0.10551579685966639,1124,Baylor,baylor,1252,Lipscomb,lipscomb
2025,1124,1257,0.11810628970037101,1124,Baylor,baylor,1257,Louisville,louisville
2025,1124,1266,0.22532189587941653,1124,Baylor,baylor,1266,Marquette,marquette
2025,1124,1268,0.22000931320023404,1124,Baylor,baylor,1268,Maryland,maryland
2025,1124,1270,0.08738534831748451,1124,Baylor,baylor,1270,McNeese St,mcneese
2025,1124,1272,0.21361323803205695,1124,Baylor,baylor,1272,Memphis,memphis
2025,1124,1276,0.5258275698469383,1124,Baylor,baylor,1276,Michigan,michigan
2025,1124,1277,0.2054964657566501,1124,Baylor,baylor,1277,Michigan St,michigan-st
2025,1124,1279,0.5733097771412711,1124,Baylor,baylor,1279,Mississippi,ole-miss
2025,1124,1280,0.48464568131548097,1124,Baylor,baylor,1280,Mississippi St,mississippi-st
2025,1124,1281,0.16951730837053003,1124,Baylor,baylor,1281,Missouri,missouri
2025,1124,1285,0.24838760443900376,1124,Baylor,baylor,1285,Montana,montana
2025,1124,1291,0.25374928156941323,1124,Baylor,baylor,1291,Mt St Mary's,mt-st-marys
2025,1124,1307,0.22983160797055308,1124,Baylor,baylor,1307,New Mexico,new-mexico
2025,1124,1313,0.2927777432503117,1124,Baylor,baylor,1313,Norfolk St,norfolk-st
2025,1124,1314,0.15758909551779343,1124,Baylor,baylor,1314,North Carolina,north-carolina
2025,1124,1328,0.6181295333411736,1124,Baylor,baylor,1328,Oklahoma,oklahoma
2025,1124,1332,0.2336527473156068,1124,Baylor,baylor,1332,Oregon,oregon
2025,1124,1345,0.29609787867150006,1124,Baylor,baylor,1345,Purdue,purdue
2025,1124,1352,0.12984724318977087,1124,Baylor,baylor,1352,Robert Morris,robert-morris
2025,1124,1361,0.24595341028494944,1124,Baylor,baylor,1361,San Diego St,san-diego-st
2025,1124,1384,0.38724946616404843,1124,Baylor,baylor,1384,St Francis PA,st-francis-pa
2025,1124,1385,0.2284293184774162,1124,Baylor,baylor,1385,St John's,st-johns-ny
2025,1124,1388,0.15873560515711443,1124,Baylor,baylor,1388,St Mary's CA,st-marys-ca
2025,1124,1397,0.2767760558032277,1124,Baylor,baylor,1397,Tennessee,tennessee
2025,1124,1400,0.5889272094257377,1124,Baylor,baylor,1400,Texas,texas
2025,1124,1401,0.6039152523268583,1124,Baylor,baylor,1401,Texas A&M,texas-am
2025,1124,1403,0.20201539042500627,1124,Baylor,baylor,1403,Texas Tech,texas-tech
2025,1124,1407,0.24014134354456124,1124,Baylor,baylor,1407,Troy,troy
2025,1124,1417,0.3626873036715645,1124,Baylor,baylor,1417,UCLA,ucla
2025,1124,1429,0.2695750208375163,1124,Baylor,baylor,1429,Utah St,utah-st
2025,1124,1433,0.04492958680307896,1124,Baylor,baylor,1433,VCU,vcu
2025,1124,1435,0.526986558950853,1124,Baylor,baylor,1435,Vanderbilt,vanderbilt
2025,1124,1458,0.18884373908863272,1124,Baylor,baylor,1458,Wisconsin,wisconsin
2025,1124,1459,0.18959804699339033,1124,Baylor,baylor,1459,Wofford,wofford
2025,1124,1462,0.2161757046198386,1124,Baylor,baylor,1462,Xavier,xavier
2025,1124,1463,0.16229814355678335,1124,Baylor,baylor,1463,Yale,yale
2025,1136,1140,0.4742186434515729,1136,Bryant,bryant,1140,BYU,byu
2025,1136,1155,0.3758245869043858,1136,Bryant,bryant,1155,Clemson,clemson
2025,1136,1161,0.2717843340482756,1136,Bryant,bryant,1161,Colorado St,colorado-st
2025,1136,1163,0.6519664924452475,1136,Bryant,bryant,1163,Connecticut,uconn
2025,1136,1166,0.7207960635240427,1136,Bryant,bryant,1166,Creighton,creighton
2025,1136,1179,0.5849787211194357,1136,Bryant,bryant,1179,Drake,drake
2025,1136,1181,0.12534114099330262,1136,Bryant,bryant,1181,Duke,duke
2025,1136,1188,0.7244687441693998,1136,Bryant,bryant,1188,SIUE,siu-edwardsville
2025,1136,1196,0.37228183635886036,1136,Bryant,bryant,1196,Florida,florida
2025,1136,1208,0.8116044906749627,1136,Bryant,bryant,1208,Georgia,georgia
2025,1136,1211,0.2994925831139709,1136,Bryant,bryant,1211,Gonzaga,gonzaga
2025,1136,1213,0.5592285285726287,1136,Bryant,bryant,1213,Grand Canyon,grand-canyon
2025,1136,1219,0.4256256564882417,1136,Bryant,bryant,1219,High Point,high-point
2025,1136,1222,0.45953864135232014,1136,Bryant,bryant,1222,Houston,houston
2025,1136,1228,0.6990393676571639,1136,Bryant,bryant,1228,Illinois,illinois
2025,1136,1235,0.6598750046697623,1136,Bryant,bryant,1235,Iowa St,iowa-st
2025,1136,1242,0.819819646917195,1136,Bryant,bryant,1242,Kansas,kansas
2025,1136,1246,0.6441033280139064,1136,Bryant,bryant,1246,Kentucky,kentucky
2025,1136,1251,0.6900058121752257,1136,Bryant,bryant,1251,Liberty,liberty
2025,1136,1252,0.4000534430302686,1136,Bryant,bryant,1252,Lipscomb,lipscomb
2025,1136,1257,0.4397281620194823,1136,Bryant,bryant,1257,Louisville,louisville
2025,1136,1266,0.5945387454014375,1136,Bryant,bryant,1266,Marquette,marquette
2025,1136,1268,0.5241263946985623,1136,Bryant,bryant,1268,Maryland,maryland
2025,1136,1270,0.3626254419607805,1136,Bryant,bryant,1270,McNeese St,mcneese
2025,1136,1272,0.5384676435388096,1136,Bryant,bryant,1272,Memphis,memphis
2025,1136,1276,0.8172557961969549,1136,Bryant,bryant,1276,Michigan,michigan
2025,1136,1277,0.588856629085166,1136,Bryant,bryant,1277,Michigan St,michigan-st
2025,1136,1279,0.8707458683230143,1136,Bryant,bryant,1279,Mississippi,ole-miss
2025,1136,1280,0.8312596825769409,1136,Bryant,bryant,1280,Mississippi St,mississippi-st
2025,1136,1281,0.5528232150868474,1136,Bryant,bryant,1281,Missouri,missouri
2025,1136,1285,0.6104007326205889,1136,Bryant,bryant,1285,Montana,montana
2025,1136,1291,0.6710953872710428,1136,Bryant,bryant,1291,Mt St Mary's,mt-st-marys
2025,1136,1307,0.5463164262196457,1136,Bryant,bryant,1307,New Mexico,new-mexico
2025,1136,1313,0.6098679915166529,1136,Bryant,bryant,1313,Norfolk St,norfolk-st
2025,1136,1314,0.5735963325992478,1136,Bryant,bryant,1314,North Carolina,north-carolina
2025,1136,1328,0.9309340757918465,1136,Bryant,bryant,1328,Oklahoma,oklahoma
2025,1136,1332,0.5866107587746172,1136,Bryant,bryant,1332,Oregon,oregon
2025,1136,1345,0.6945840116887156,1136,Bryant,bryant,1345,Purdue,purdue
2025,1136,1352,0.4206292790624029,1136,Bryant,bryant,1352,Robert Morris,robert-morris
2025,1136,1361,0.5757794393078863,1136,Bryant,bryant,1361,San Diego St,san-diego-st
2025,1136,1384,0.7475943582088679,1136,Bryant,bryant,1384,St Francis PA,st-francis-pa
2025,1136,1385,0.5750165813312851,1136,Bryant,bryant,1385,St John's,st-johns-ny
2025,1136,1388,0.42931349718146095,1136,Bryant,bryant,1388,St Mary's CA,st-marys-ca
2025,1136,1397,0.5984649923407902,1136,Bryant,bryant,1397,Tennessee,tennessee
2025,1136,1400,0.8898944888608771,1136,Bryant,bryant,1400,Texas,texas
2025,1136,1401,0.9109628757845064,1136,Bryant,bryant,1401,Texas A&M,texas-am
2025,1136,1403,0.5793687573291693,1136,Bryant,bryant,1403,Texas Tech,texas-tech
2025,1136,1407,0.5407191780880006,1136,Bryant,bryant,1407,Troy,troy
2025,1136,1417,0.6384624363058922,1136,Bryant,bryant,1417,UCLA,ucla
2025,1136,1429,0.6540554525891317,1136,Bryant,bryant,1429,Utah St,utah-st
2025,1136,1433,0.3128960905760335,1136,Bryant,bryant,1433,VCU,vcu
2025,1136,1435,0.879445244614466,1136,Bryant,bryant,1435,Vanderbilt,vanderbilt
2025,1136,1458,0.515013977875501,1136,Bryant,bryant,1458,Wisconsin,wisconsin
2025,1136,1459,0.5127153751898785,1136,Bryant,bryant,1459,Wofford,wofford
2025,1136,1462,0.5577110550770188,1136,Bryant,bryant,1462,Xavier,xavier
2025,1136,1463,0.4727423941507812,1136,Bryant,bryant,1463,Yale,yale
2025,1140,1155,0.40208750214343936,1140,BYU,byu,1155,Clemson,clemson
2025,1140,1161,0.32925812649261105,1140,BYU,byu,1161,Colorado St,colorado-st
2025,1140,1163,0.7246308348010888,1140,BYU,byu,1163,Connecticut,uconn
2025,1140,1166,0.8075456018826344,1140,BYU,byu,1166,Creighton,creighton
2025,1140,1179,0.667500571924545,1140,BYU,byu,1179,Drake,drake
2025,1140,1181,0.18954961686942245,1140,BYU,byu,1181,Duke,duke
2025,1140,1188,0.772081821024764,1140,BYU,byu,1188,SIUE,siu-edwardsville
2025,1140,1196,0.43766659284696807,1140,BYU,byu,1196,Florida,florida
2025,1140,1208,0.8651751526471125,1140,BYU,byu,1208,Georgia,georgia
2025,1140,1211,0.3571789850052618,1140,BYU,byu,1211,Gonzaga,gonzaga
2025,1140,1213,0.6294940925562053,1140,BYU,byu,1213,Grand Canyon,grand-canyon
2025,1140,1219,0.45024357471992543,1140,BYU,byu,1219,High Point,high-point
2025,1140,1222,0.49673885337535595,1140,BYU,byu,1222,Houston,houston
2025,1140,1228,0.7841297547685604,1140,BYU,byu,1228,Illinois,illinois
2025,1140,1235,0.6690829383921297,1140,BYU,byu,1235,Iowa St,iowa-st
2025,1140,1242,0.852179646890088,1140,BYU,byu,1242,Kansas,kansas
2025,1140,1246,0.6820948280503087,1140,BYU,byu,1246,Kentucky,kentucky
2025,1140,1251,0.7615533106666104,1140,BYU,byu,1251,Liberty,liberty
2025,1140,1252,0.45179724384126163,1140,BYU,byu,1252,Lipscomb,lipscomb
2025,1140,1257,0.4790672031364857,1140,BYU,byu,1257,Louisville,louisville
2025,1140,1266,0.6046063538505123,1140,BYU,byu,1266,Marquette,marquette
2025,1140,1268,0.579581193537907,1140,BYU,byu,1268,Maryland,maryland
2025,1140,1270,0.42147417349057137,1140,BYU,byu,1270,McNeese St,mcneese
2025,1140,1272,0.5955615404028265,1140,BYU,byu,1272,Memphis,memphis
2025,1140,1276,0.8889367438971024,1140,BYU,byu,1276,Michigan,michigan
2025,1140,1277,0.6171326303081333,1140,BYU,byu,1277,Michigan St,michigan-st
2025,1140,1279,0.9336334219090188,1140,BYU,byu,1279,Mississippi,ole-miss
2025,1140,1280,0.8601931243333207,1140,BYU,byu,1280,Mississippi St,mississippi-st
2025,1140,1281,0.5691927356962643,1140,BYU,byu,1281,Missouri,missouri
2025,1140,1285,0.6670582990490104,1140,BYU,byu,1285,Montana,montana
2025,1140,1291,0.7542218899655272,1140,BYU,byu,1291,Mt St Mary's,mt-st-marys
2025,1140,1307,0.616328344885887,1140,BYU,byu,1307,New Mexico,new-mexico
2025,1140,1313,0.609795330971483,1140,BYU,byu,1313,Norfolk St,norfolk-st
2025,1140,1314,0.6064693311433441,1140,BYU,byu,1314,North Carolina,north-carolina
2025,1140,1328,0.9275951933087301,1140,BYU,byu,1328,Oklahoma,oklahoma
2025,1140,1332,0.6416647143788237,1140,BYU,byu,1332,Oregon,oregon
2025,1140,1345,0.7451894626612021,1140,BYU,byu,1345,Purdue,purdue
2025,1140,1352,0.5189566503825355,1140,BYU,byu,1352,Robert Morris,robert-morris
2025,1140,1361,0.5953397063295874,1140,BYU,byu,1361,San Diego St,san-diego-st
2025,1140,1384,0.793703314784408,1140,BYU,byu,1384,St Francis PA,st-francis-pa
2025,1140,1385,0.6346558878388691,1140,BYU,byu,1385,St John's,st-johns-ny
2025,1140,1388,0.47507739676190786,1140,BYU,byu,1388,St Mary's CA,st-marys-ca
2025,1140,1397,0.7102218024287338,1140,BYU,byu,1397,Tennessee,tennessee
2025,1140,1400,0.9082930152561746,1140,BYU,byu,1400,Texas,texas
2025,1140,1401,0.9148937408364544,1140,BYU,byu,1401,Texas A&M,texas-am
2025,1140,1403,0.6009784348788947,1140,BYU,byu,1403,Texas Tech,texas-tech
2025,1140,1407,0.6197594741017622,1140,BYU,byu,1407,Troy,troy
2025,1140,1417,0.7118103652123747,1140,BYU,byu,1417,UCLA,ucla
2025,1140,1429,0.6568320597691282,1140,BYU,byu,1429,Utah St,utah-st
2025,1140,1433,0.3392200112462861,1140,BYU,byu,1433,VCU,vcu
2025,1140,1435,0.8764525610349908,1140,BYU,byu,1435,Vanderbilt,vanderbilt
2025,1140,1458,0.5407250740726195,1140,BYU,byu,1458,Wisconsin,wisconsin
2025,1140,1459,0.5192895584821545,1140,BYU,byu,1459,Wofford,wofford
2025,1140,1462,0.5723069192724956,1140,BYU,byu,1462,Xavier,xavier
2025,1140,1463,0.5223938860665744,1140,BYU,byu,1463,Yale,yale
2025,1155,1161,0.35684264077389116,1155,Clemson,clemson,1161,Colorado St,colorado-st
2025,1155,1163,0.7412867378628389,1155,Clemson,clemson,1163,Connecticut,uconn
2025,1155,1166,0.7967143491482858,1155,Clemson,clemson,1166,Creighton,creighton
2025,1155,1179,0.6329349497286925,1155,Clemson,clemson,1179,Drake,drake
2025,1155,1181,0.22607923708594307,1155,Clemson,clemson,1181,Duke,duke
2025,1155,1188,0.8150970873469561,1155,Clemson,clemson,1188,SIUE,siu-edwardsville
2025,1155,1196,0.5037459522798071,1155,Clemson,clemson,1196,Florida,florida
2025,1155,1208,0.882933483631127,1155,Clemson,clemson,1208,Georgia,georgia
2025,1155,1211,0.42340856912121344,1155,Clemson,clemson,1211,Gonzaga,gonzaga
2025,1155,1213,0.6652519233580649,1155,Clemson,clemson,1213,Grand Canyon,grand-canyon
2025,1155,1219,0.5262160356091847,1155,Clemson,clemson,1219,High Point,high-point
2025,1155,1222,0.6091804280603219,1155,Clemson,clemson,1222,Houston,houston
2025,1155,1228,0.8185027071542353,1155,Clemson,clemson,1228,Illinois,illinois
2025,1155,1235,0.7461517411683936,1155,Clemson,clemson,1235,Iowa St,iowa-st
2025,1155,1242,0.8810084617177487,1155,Clemson,clemson,1242,Kansas,kansas
2025,1155,1246,0.7454885264846891,1155,Clemson,clemson,1246,Kentucky,kentucky
2025,1155,1251,0.7442769518819736,1155,Clemson,clemson,1251,Liberty,liberty
2025,1155,1252,0.5141210253662093,1155,Clemson,clemson,1252,Lipscomb,lipscomb
2025,1155,1257,0.5495624656685222,1155,Clemson,clemson,1257,Louisville,louisville
2025,1155,1266,0.729917502079803,1155,Clemson,clemson,1266,Marquette,marquette
2025,1155,1268,0.6416142103527318,1155,Clemson,clemson,1268,Maryland,maryland
2025,1155,1270,0.4411632819489934,1155,Clemson,clemson,1270,McNeese St,mcneese
2025,1155,1272,0.6003604623492305,1155,Clemson,clemson,1272,Memphis,memphis
2025,1155,1276,0.8949356246121524,1155,Clemson,clemson,1276,Michigan,michigan
2025,1155,1277,0.6462267405397295,1155,Clemson,clemson,1277,Michigan St,michigan-st
2025,1155,1279,0.9182115472010952,1155,Clemson,clemson,1279,Mississippi,ole-miss
2025,1155,1280,0.8582487396138272,1155,Clemson,clemson,1280,Mississippi St,mississippi-st
2025,1155,1281,0.6702438174940769,1155,Clemson,clemson,1281,Missouri,missouri
2025,1155,1285,0.7144360139628506,1155,Clemson,clemson,1285,Montana,montana
2025,1155,1291,0.7682559281493366,1155,Clemson,clemson,1291,Mt St Mary's,mt-st-marys
2025,1155,1307,0.5959554068277947,1155,Clemson,clemson,1307,New Mexico,new-mexico
2025,1155,1313,0.7032695085172554,1155,Clemson,clemson,1313,Norfolk St,norfolk-st
2025,1155,1314,0.6179579938197514,1155,Clemson,clemson,1314,North Carolina,north-carolina
2025,1155,1328,0.9516744403458061,1155,Clemson,clemson,1328,Oklahoma,oklahoma
2025,1155,1332,0.6955910737500642,1155,Clemson,clemson,1332,Oregon,oregon
2025,1155,1345,0.8112217159563395,1155,Clemson,clemson,1345,Purdue,purdue
2025,1155,1352,0.5729730622717754,1155,Clemson,clemson,1352,Robert Morris,robert-morris
2025,1155,1361,0.7161255693649644,1155,Clemson,clemson,1361,San Diego St,san-diego-st
2025,1155,1384,0.8140153639745515,1155,Clemson,clemson,1384,St Francis PA,st-francis-pa
2025,1155,1385,0.6329123710705504,1155,Clemson,clemson,1385,St John's,st-johns-ny
2025,1155,1388,0.5120892598363952,1155,Clemson,clemson,1388,St Mary's CA,st-marys-ca
2025,1155,1397,0.7328813928141928,1155,Clemson,clemson,1397,Tennessee,tennessee
2025,1155,1400,0.9150913454221754,1155,Clemson,clemson,1400,Texas,texas
2025,1155,1401,0.9198611775550738,1155,Clemson,clemson,1401,Texas A&M,texas-am
2025,1155,1403,0.7030848932850666,1155,Clemson,clemson,1403,Texas Tech,texas-tech
2025,1155,1407,0.5987454740727284,1155,Clemson,clemson,1407,Troy,troy
2025,1155,1417,0.6817652014700004,1155,Clemson,clemson,1417,UCLA,ucla
2025,1155,1429,0.7279444254345315,1155,Clemson,clemson,1429,Utah St,utah-st
2025,1155,1433,0.36884431911790483,1155,Clemson,clemson,1433,VCU,vcu
2025,1155,1435,0.8753996497689414,1155,Clemson,clemson,1435,Vanderbilt,vanderbilt
2025,1155,1458,0.6400303202398592,1155,Clemson,clemson,1458,Wisconsin,wisconsin
2025,1155,1459,0.5655298397947431,1155,Clemson,clemson,1459,Wofford,wofford
2025,1155,1462,0.6851990473318874,1155,Clemson,clemson,1462,Xavier,xavier
2025,1155,1463,0.5898501426240615,1155,Clemson,clemson,1463,Yale,yale
2025,1161,1163,0.8354814898891565,1161,Colorado St,colorado-st,1163,Connecticut,uconn
2025,1161,1166,0.8601680603560679,1161,Colorado St,colorado-st,1166,Creighton,creighton
2025,1161,1179,0.8272837990006214,1161,Colorado St,colorado-st,1179,Drake,drake
2025,1161,1181,0.31515481814717006,1161,Colorado St,colorado-st,1181,Duke,duke
2025,1161,1188,0.882023116689835,1161,Colorado St,colorado-st,1188,SIUE,siu-edwardsville
2025,1161,1196,0.6137153670948349,1161,Colorado St,colorado-st,1196,Florida,florida
2025,1161,1208,0.9392758843591607,1161,Colorado St,colorado-st,1208,Georgia,georgia
2025,1161,1211,0.5263527302286408,1161,Colorado St,colorado-st,1211,Gonzaga,gonzaga
2025,1161,1213,0.7515393524301628,1161,Colorado St,colorado-st,1213,Grand Canyon,grand-canyon
2025,1161,1219,0.5811220529525298,1161,Colorado St,colorado-st,1219,High Point,high-point
2025,1161,1222,0.7104798747104806,1161,Colorado St,colorado-st,1222,Houston,houston
2025,1161,1228,0.8731898341883195,1161,Colorado St,colorado-st,1228,Illinois,illinois
2025,1161,1235,0.8402479683500745,1161,Colorado St,colorado-st,1235,Iowa St,iowa-st
2025,1161,1242,0.9185422657642571,1161,Colorado St,colorado-st,1242,Kansas,kansas
2025,1161,1246,0.8431430590226587,1161,Colorado St,colorado-st,1246,Kentucky,kentucky
2025,1161,1251,0.8634565955691138,1161,Colorado St,colorado-st,1251,Liberty,liberty
2025,1161,1252,0.6191072439350582,1161,Colorado St,colorado-st,1252,Lipscomb,lipscomb
2025,1161,1257,0.6409229960285079,1161,Colorado St,colorado-st,1257,Louisville,louisville
2025,1161,1266,0.7514302331424219,1161,Colorado St,colorado-st,1266,Marquette,marquette
2025,1161,1268,0.7466810086281042,1161,Colorado St,colorado-st,1268,Maryland,maryland
2025,1161,1270,0.5600934896463868,1161,Colorado St,colorado-st,1270,McNeese St,mcneese
2025,1161,1272,0.7366965434079074,1161,Colorado St,colorado-st,1272,Memphis,memphis
2025,1161,1276,0.9424714911130466,1161,Colorado St,colorado-st,1276,Michigan,michigan
2025,1161,1277,0.7559830580836358,1161,Colorado St,colorado-st,1277,Michigan St,michigan-st
2025,1161,1279,0.968084131144596,1161,Colorado St,colorado-st,1279,Mississippi,ole-miss
2025,1161,1280,0.9047839226381345,1161,Colorado St,colorado-st,1280,Mississippi St,mississippi-st
2025,1161,1281,0.7357525602743993,1161,Colorado St,colorado-st,1281,Missouri,missouri
2025,1161,1285,0.7931041607025756,1161,Colorado St,colorado-st,1285,Montana,montana
2025,1161,1291,0.8139383453477702,1161,Colorado St,colorado-st,1291,Mt St Mary's,mt-st-marys
2025,1161,1307,0.7842835188563397,1161,Colorado St,colorado-st,1307,New Mexico,new-mexico
2025,1161,1313,0.784608266812071,1161,Colorado St,colorado-st,1313,Norfolk St,norfolk-st
2025,1161,1314,0.6885982381787126,1161,Colorado St,colorado-st,1314,North Carolina,north-carolina
2025,1161,1328,0.9552249876348196,1161,Colorado St,colorado-st,1328,Oklahoma,oklahoma
2025,1161,1332,0.8332271904517704,1161,Colorado St,colorado-st,1332,Oregon,oregon
2025,1161,1345,0.8427533018628759,1161,Colorado St,colorado-st,1345,Purdue,purdue
2025,1161,1352,0.6486880843473708,1161,Colorado St,colorado-st,1352,Robert Morris,robert-morris
2025,1161,1361,0.7819316745311446,1161,Colorado St,colorado-st,1361,San Diego St,san-diego-st
2025,1161,1384,0.8849059573857685,1161,Colorado St,colorado-st,1384,St Francis PA,st-francis-pa
2025,1161,1385,0.8082822410004535,1161,Colorado St,colorado-st,1385,St John's,st-johns-ny
2025,1161,1388,0.6651401347422333,1161,Colorado St,colorado-st,1388,St Mary's CA,st-marys-ca
2025,1161,1397,0.8219558032273999,1161,Colorado St,colorado-st,1397,Tennessee,tennessee
2025,1161,1400,0.9491872723600474,1161,Colorado St,colorado-st,1400,Texas,texas
2025,1161,1401,0.9444415293201837,1161,Colorado St,colorado-st,1401,Texas A&M,texas-am
2025,1161,1403,0.7649578959595573,1161,Colorado St,colorado-st,1403,Texas Tech,texas-tech
2025,1161,1407,0.7946256969742554,1161,Colorado St,colorado-st,1407,Troy,troy
2025,1161,1417,0.8637677359192748,1161,Colorado St,colorado-st,1417,UCLA,ucla
2025,1161,1429,0.8060089546369522,1161,Colorado St,colorado-st,1429,Utah St,utah-st
2025,1161,1433,0.47008181586667375,1161,Colorado St,colorado-st,1433,VCU,vcu
2025,1161,1435,0.9191775778424833,1161,Colorado St,colorado-st,1435,Vanderbilt,vanderbilt
2025,1161,1458,0.7121489199670874,1161,Colorado St,colorado-st,1458,Wisconsin,wisconsin
2025,1161,1459,0.7160593895085513,1161,Colorado St,colorado-st,1459,Wofford,wofford
2025,1161,1462,0.7683589820195861,1161,Colorado St,colorado-st,1462,Xavier,xavier
2025,1161,1463,0.7071234437392788,1161,Colorado St,colorado-st,1463,Yale,yale
2025,1163,1166,0.6342312332933273,1163,Connecticut,uconn,1166,Creighton,creighton
2025,1163,1179,0.47757645957856526,1163,Connecticut,uconn,1179,Drake,drake
2025,1163,1181,0.06604684380618042,1163,Connecticut,uconn,1181,Duke,duke
2025,1163,1188,0.6367755245491225,1163,Connecticut,uconn,1188,SIUE,siu-edwardsville
2025,1163,1196,0.28299648661682697,1163,Connecticut,uconn,1196,Florida,florida
2025,1163,1208,0.7261442193829164,1163,Connecticut,uconn,1208,Georgia,georgia
2025,1163,1211,0.18591385255556458,1163,Connecticut,uconn,1211,Gonzaga,gonzaga
2025,1163,1213,0.4507931770767407,1163,Connecticut,uconn,1213,Grand Canyon,grand-canyon
2025,1163,1219,0.3092022577437905,1163,Connecticut,uconn,1219,High Point,high-point
2025,1163,1222,0.3465246244914232,1163,Connecticut,uconn,1222,Houston,houston
2025,1163,1228,0.600952651111811,1163,Connecticut,uconn,1228,Illinois,illinois
2025,1163,1235,0.5460210192013553,1163,Connecticut,uconn,1235,Iowa St,iowa-st
2025,1163,1242,0.7343339966889841,1163,Connecticut,uconn,1242,Kansas,kansas
2025,1163,1246,0.540648344681015,1163,Connecticut,uconn,1246,Kentucky,kentucky
2025,1163,1251,0.5849738456886943,1163,Connecticut,uconn,1251,Liberty,liberty
2025,1163,1252,0.3058318920535208,1163,Connecticut,uconn,1252,Lipscomb,lipscomb
2025,1163,1257,0.31351310382929565,1163,Connecticut,uconn,1257,Louisville,louisville
2025,1163,1266,0.4530659678683012,1163,Connecticut,uconn,1266,Marquette,marquette
2025,1163,1268,0.42762195415932713,1163,Connecticut,uconn,1268,Maryland,maryland
2025,1163,1270,0.2538154860438702,1163,Connecticut,uconn,1270,McNeese St,mcneese
2025,1163,1272,0.44207476791588934,1163,Connecticut,uconn,1272,Memphis,memphis
2025,1163,1276,0.7392346529060239,1163,Connecticut,uconn,1276,Michigan,michigan
2025,1163,1277,0.4427951311348214,1163,Connecticut,uconn,1277,Michigan St,michigan-st
2025,1163,1279,0.7539097469607392,1163,Connecticut,uconn,1279,Mississippi,ole-miss
2025,1163,1280,0.6988046269175008,1163,Connecticut,uconn,1280,Mississippi St,mississippi-st
2025,1163,1281,0.4112295509054444,1163,Connecticut,uconn,1281,Missouri,missouri
2025,1163,1285,0.49803841514122765,1163,Connecticut,uconn,1285,Montana,montana
2025,1163,1291,0.5150232165249433,1163,Connecticut,uconn,1291,Mt St Mary's,mt-st-marys
2025,1163,1307,0.44951190662551144,1163,Connecticut,uconn,1307,New Mexico,new-mexico
2025,1163,1313,0.5078642884184987,1163,Connecticut,uconn,1313,Norfolk St,norfolk-st
2025,1163,1314,0.41545526699001056,1163,Connecticut,uconn,1314,North Carolina,north-carolina
2025,1163,1328,0.8308254747881735,1163,Connecticut,uconn,1328,Oklahoma,oklahoma
2025,1163,1332,0.47635392061056586,1163,Connecticut,uconn,1332,Oregon,oregon
2025,1163,1345,0.570327395291109,1163,Connecticut,uconn,1345,Purdue,purdue
2025,1163,1352,0.33072620452946233,1163,Connecticut,uconn,1352,Robert Morris,robert-morris
2025,1163,1361,0.44905279576781343,1163,Connecticut,uconn,1361,San Diego St,san-diego-st
2025,1163,1384,0.6373794937281672,1163,Connecticut,uconn,1384,St Francis PA,st-francis-pa
2025,1163,1385,0.47066491167449215,1163,Connecticut,uconn,1385,St John's,st-johns-ny
2025,1163,1388,0.3278346187244694,1163,Connecticut,uconn,1388,St Mary's CA,st-marys-ca
2025,1163,1397,0.4911764938970908,1163,Connecticut,uconn,1397,Tennessee,tennessee
2025,1163,1400,0.7872837864626581,1163,Connecticut,uconn,1400,Texas,texas
2025,1163,1401,0.7868937843275701,1163,Connecticut,uconn,1401,Texas A&M,texas-am
2025,1163,1403,0.44175688656012,1163,Connecticut,uconn,1403,Texas Tech,texas-tech
2025,1163,1407,0.4485029047893181,1163,Connecticut,uconn,1407,Troy,troy
2025,1163,1417,0.5252917214400902,1163,Connecticut,uconn,1417,UCLA,ucla
2025,1163,1429,0.5044412874672787,1163,Connecticut,uconn,1429,Utah St,utah-st
2025,1163,1433,0.2000971242458941,1163,Connecticut,uconn,1433,VCU,vcu
2025,1163,1435,0.7430998968310859,1163,Connecticut,uconn,1435,Vanderbilt,vanderbilt
2025,1163,1458,0.3973443403393686,1163,Connecticut,uconn,1458,Wisconsin,wisconsin
2025,1163,1459,0.3937793272102541,1163,Connecticut,uconn,1459,Wofford,wofford
2025,1163,1462,0.4205500711540588,1163,Connecticut,uconn,1462,Xavier,xavier
2025,1163,1463,0.36795745379719524,1163,Connecticut,uconn,1463,Yale,yale
2025,1166,1179,0.33943522167463913,1166,Creighton,creighton,1179,Drake,drake
2025,1166,1181,0.05152806222038958,1166,Creighton,creighton,1181,Duke,duke
2025,1166,1188,0.5457201858695132,1166,Creighton,creighton,1188,SIUE,siu-edwardsville
2025,1166,1196,0.15937225565499463,1166,Creighton,creighton,1196,Florida,florida
2025,1166,1208,0.6363745561071632,1166,Creighton,creighton,1208,Georgia,georgia
2025,1166,1211,0.11212723540040187,1166,Creighton,creighton,1211,Gonzaga,gonzaga
2025,1166,1213,0.3493703483663321,1166,Creighton,creighton,1213,Grand Canyon,grand-canyon
2025,1166,1219,0.19127285554232104,1166,Creighton,creighton,1219,High Point,high-point
2025,1166,1222,0.21756944148855967,1166,Creighton,creighton,1222,Houston,houston
2025,1166,1228,0.545002866964335,1166,Creighton,creighton,1228,Illinois,illinois
2025,1166,1235,0.39834071819989264,1166,Creighton,creighton,1235,Iowa St,iowa-st
2025,1166,1242,0.6628996766027584,1166,Creighton,creighton,1242,Kansas,kansas
2025,1166,1246,0.41493904167863976,1166,Creighton,creighton,1246,Kentucky,kentucky
2025,1166,1251,0.3611509140718014,1166,Creighton,creighton,1251,Liberty,liberty
2025,1166,1252,0.16915450067871918,1166,Creighton,creighton,1252,Lipscomb,lipscomb
2025,1166,1257,0.18715059652693633,1166,Creighton,creighton,1257,Louisville,louisville
2025,1166,1266,0.34617485831135797,1166,Creighton,creighton,1266,Marquette,marquette
2025,1166,1268,0.26557178199545495,1166,Creighton,creighton,1268,Maryland,maryland
2025,1166,1270,0.14184764626114182,1166,Creighton,creighton,1270,McNeese St,mcneese
2025,1166,1272,0.3211594758409626,1166,Creighton,creighton,1272,Memphis,memphis
2025,1166,1276,0.6999422943179103,1166,Creighton,creighton,1276,Michigan,michigan
2025,1166,1277,0.3008621402073552,1166,Creighton,creighton,1277,Michigan St,michigan-st
2025,1166,1279,0.704665612327902,1166,Creighton,creighton,1279,Mississippi,ole-miss
2025,1166,1280,0.6405245776225106,1166,Creighton,creighton,1280,Mississippi St,mississippi-st
2025,1166,1281,0.2546150823891378,1166,Creighton,creighton,1281,Missouri,missouri
2025,1166,1285,0.3304762773584975,1166,Creighton,creighton,1285,Montana,montana
2025,1166,1291,0.41589419954464607,1166,Creighton,creighton,1291,Mt St Mary's,mt-st-marys
2025,1166,1307,0.30405252775916425,1166,Creighton,creighton,1307,New Mexico,new-mexico
2025,1166,1313,0.34052732503555344,1166,Creighton,creighton,1313,Norfolk St,norfolk-st
2025,1166,1314,0.30300249424440207,1166,Creighton,creighton,1314,North Carolina,north-carolina
2025,1166,1328,0.7863213240427931,1166,Creighton,creighton,1328,Oklahoma,oklahoma
2025,1166,1332,0.33164132201295765,1166,Creighton,creighton,1332,Oregon,oregon
2025,1166,1345,0.5284940343567334,1166,Creighton,creighton,1345,Purdue,purdue
2025,1166,1352,0.24564262514978613,1166,Creighton,creighton,1352,Robert Morris,robert-morris
2025,1166,1361,0.2961278434481819,1166,Creighton,creighton,1361,San Diego St,san-diego-st
2025,1166,1384,0.5426036373903748,1166,Creighton,creighton,1384,St Francis PA,st-francis-pa
2025,1166,1385,0.3122713909742877,1166,Creighton,creighton,1385,St John's,st-johns-ny
2025,1166,1388,0.22153626625057493,1166,Creighton,creighton,1388,St Mary's CA,st-marys-ca
2025,1166,1397,0.4128728472115678,1166,Creighton,creighton,1397,Tennessee,tennessee
2025,1166,1400,0.7028108919034812,1166,Creighton,creighton,1400,Texas,texas
2025,1166,1401,0.7293759582584503,1166,Creighton,creighton,1401,Texas A&M,texas-am
2025,1166,1403,0.3318520827465039,1166,Creighton,creighton,1403,Texas Tech,texas-tech
2025,1166,1407,0.3047645583156935,1166,Creighton,creighton,1407,Troy,troy
2025,1166,1417,0.39535403238880074,1166,Creighton,creighton,1417,UCLA,ucla
2025,1166,1429,0.36562437648983925,1166,Creighton,creighton,1429,Utah St,utah-st
2025,1166,1433,0.10664865025873727,1166,Creighton,creighton,1433,VCU,vcu
2025,1166,1435,0.6229350087401563,1166,Creighton,creighton,1435,Vanderbilt,vanderbilt
2025,1166,1458,0.26256371991063554,1166,Creighton,creighton,1458,Wisconsin,wisconsin
2025,1166,1459,0.26102034282587827,1166,Creighton,creighton,1459,Wofford,wofford
2025,1166,1462,0.2754179468908753,1166,Creighton,creighton,1462,Xavier,xavier
2025,1166,1463,0.21094948879356507,1166,Creighton,creighton,1463,Yale,yale
2025,1179,1181,0.08067719835232867,1179,Drake,drake,1181,Duke,duke
2025,1179,1188,0.6403812461635743,1179,Drake,drake,1188,SIUE,siu-edwardsville
2025,1179,1196,0.30243706940249815,1179,Drake,drake,1196,Florida,florida
2025,1179,1208,0.7712043989800921,1179,Drake,drake,1208,Georgia,georgia
2025,1179,1211,0.22935710448725716,1179,Drake,drake,1211,Gonzaga,gonzaga
2025,1179,1213,0.5072575738391963,1179,Drake,drake,1213,Grand Canyon,grand-canyon
2025,1179,1219,0.331027327829471,1179,Drake,drake,1219,High Point,high-point
2025,1179,1222,0.3950039358890783,1179,Drake,drake,1222,Houston,houston
2025,1179,1228,0.6721172436580433,1179,Drake,drake,1228,Illinois,illinois
2025,1179,1235,0.6046706998869373,1179,Drake,drake,1235,Iowa St,iowa-st
2025,1179,1242,0.7511446908795028,1179,Drake,drake,1242,Kansas,kansas
2025,1179,1246,0.5846822324940759,1179,Drake,drake,1246,Kentucky,kentucky
2025,1179,1251,0.5798393116740443,1179,Drake,drake,1251,Liberty,liberty
2025,1179,1252,0.32879186823296586,1179,Drake,drake,1252,Lipscomb,lipscomb
2025,1179,1257,0.3325877818472609,1179,Drake,drake,1257,Louisville,louisville
2025,1179,1266,0.51335634017677,1179,Drake,drake,1266,Marquette,marquette
2025,1179,1268,0.49287532794953354,1179,Drake,drake,1268,Maryland,maryland
2025,1179,1270,0.2963435704501607,1179,Drake,drake,1270,McNeese St,mcneese
2025,1179,1272,0.4461258106125257,1179,Drake,drake,1272,Memphis,memphis
2025,1179,1276,0.8007149177847941,1179,Drake,drake,1276,Michigan,michigan
2025,1179,1277,0.4870478240202476,1179,Drake,drake,1277,Michigan St,michigan-st
2025,1179,1279,0.8157020869367254,1179,Drake,drake,1279,Mississippi,ole-miss
2025,1179,1280,0.746312746214511,1179,Drake,drake,1280,Mississippi St,mississippi-st
2025,1179,1281,0.4552268519706232,1179,Drake,drake,1281,Missouri,missouri
2025,1179,1285,0.5404188571695708,1179,Drake,drake,1285,Montana,montana
2025,1179,1291,0.5619056935506861,1179,Drake,drake,1291,Mt St Mary's,mt-st-marys
2025,1179,1307,0.5321517434487589,1179,Drake,drake,1307,New Mexico,new-mexico
2025,1179,1313,0.5680179338594258,1179,Drake,drake,1313,Norfolk St,norfolk-st
2025,1179,1314,0.4130835293675568,1179,Drake,drake,1314,North Carolina,north-carolina
2025,1179,1328,0.8578412871053902,1179,Drake,drake,1328,Oklahoma,oklahoma
2025,1179,1332,0.5526595745222082,1179,Drake,drake,1332,Oregon,oregon
2025,1179,1345,0.5798163798105214,1179,Drake,drake,1345,Purdue,purdue
2025,1179,1352,0.3658418467416409,1179,Drake,drake,1352,Robert Morris,robert-morris
2025,1179,1361,0.5115632402185397,1179,Drake,drake,1361,San Diego St,san-diego-st
2025,1179,1384,0.6531322848917187,1179,Drake,drake,1384,St Francis PA,st-francis-pa
2025,1179,1385,0.5216021927752781,1179,Drake,drake,1385,St John's,st-johns-ny
2025,1179,1388,0.38323970585763684,1179,Drake,drake,1388,St Mary's CA,st-marys-ca
2025,1179,1397,0.5489732442971784,1179,Drake,drake,1397,Tennessee,tennessee
2025,1179,1400,0.8320457136392603,1179,Drake,drake,1400,Texas,texas
2025,1179,1401,0.8215331585664758,1179,Drake,drake,1401,Texas A&M,texas-am
2025,1179,1403,0.5071413141240605,1179,Drake,drake,1403,Texas Tech,texas-tech
2025,1179,1407,0.5011163565269801,1179,Drake,drake,1407,Troy,troy
2025,1179,1417,0.6091023398041593,1179,Drake,drake,1417,UCLA,ucla
2025,1179,1429,0.5613726045484286,1179,Drake,drake,1429,Utah St,utah-st
2025,1179,1433,0.22786920660757048,1179,Drake,drake,1433,VCU,vcu
2025,1179,1435,0.7912436772396918,1179,Drake,drake,1435,Vanderbilt,vanderbilt
2025,1179,1458,0.4846816790919096,1179,Drake,drake,1458,Wisconsin,wisconsin
2025,1179,1459,0.43557875150993597,1179,Drake,drake,1459,Wofford,wofford
2025,1179,1462,0.4907755634663848,1179,Drake,drake,1462,Xavier,xavier
2025,1179,1463,0.4485034967195664,1179,Drake,drake,1463,Yale,yale
2025,1181,1188,0.9630156269311563,1181,Duke,duke,1188,SIUE,siu-edwardsville
2025,1181,1196,0.8156359209088211,1181,Duke,duke,1196,Florida,florida
2025,1181,1208,0.987912719287328,1181,Duke,duke,1208,Georgia,georgia
2025,1181,1211,0.7787257181145478,1181,Duke,duke,1211,Gonzaga,gonzaga
2025,1181,1213,0.9109042507906664,1181,Duke,duke,1213,Grand Canyon,grand-canyon
2025,1181,1219,0.8339587167060771,1181,Duke,duke,1219,High Point,high-point
2025,1181,1222,0.8846273127274176,1181,Duke,duke,1222,Houston,houston
2025,1181,1228,0.9690409170899082,1181,Duke,duke,1228,Illinois,illinois
2025,1181,1235,0.9521632411610778,1181,Duke,duke,1235,Iowa St,iowa-st
2025,1181,1242,0.9801710407869944,1181,Duke,duke,1242,Kansas,kansas
2025,1181,1246,0.957024175990048,1181,Duke,duke,1246,Kentucky,kentucky
2025,1181,1251,0.944859158200092,1181,Duke,duke,1251,Liberty,liberty
2025,1181,1252,0.8416381094984705,1181,Duke,duke,1252,Lipscomb,lipscomb
2025,1181,1257,0.8444055148621199,1181,Duke,duke,1257,Louisville,louisville
2025,1181,1266,0.9240090391093096,1181,Duke,duke,1266,Marquette,marquette
2025,1181,1268,0.8953070107979291,1181,Duke,duke,1268,Maryland,maryland
2025,1181,1270,0.7809071444297524,1181,Duke,duke,1270,McNeese St,mcneese
2025,1181,1272,0.8912180824205461,1181,Duke,duke,1272,Memphis,memphis
2025,1181,1276,0.9866685673790514,1181,Duke,duke,1276,Michigan,michigan
2025,1181,1277,0.922651719963498,1181,Duke,duke,1277,Michigan St,michigan-st
2025,1181,1279,0.9961493531401197,1181,Duke,duke,1279,Mississippi,ole-miss
2025,1181,1280,0.9883252771374856,1181,Duke,duke,1280,Mississippi St,mississippi-st
2025,1181,1281,0.9030230062705784,1181,Duke,duke,1281,Missouri,missouri
2025,1181,1285,0.9211899103052936,1181,Duke,duke,1285,Montana,montana
2025,1181,1291,0.9294014174752931,1181,Duke,duke,1291,Mt St Mary's,mt-st-marys
2025,1181,1307,0.9532925273296444,1181,Duke,duke,1307,New Mexico,new-mexico
2025,1181,1313,0.9294729927157528,1181,Duke,duke,1313,Norfolk St,norfolk-st
2025,1181,1314,0.8724271989761783,1181,Duke,duke,1314,North Carolina,north-carolina
2025,1181,1328,0.9964601538646737,1181,Duke,duke,1328,Oklahoma,oklahoma
2025,1181,1332,0.9603526836091252,1181,Duke,duke,1332,Oregon,oregon
2025,1181,1345,0.9633306231275147,1181,Duke,duke,1345,Purdue,purdue
2025,1181,1352,0.8587151240505706,1181,Duke,duke,1352,Robert Morris,robert-morris
2025,1181,1361,0.9302390702342976,1181,Duke,duke,1361,San Diego St,san-diego-st
2025,1181,1384,0.9625705167400049,1181,Duke,duke,1384,St Francis PA,st-francis-pa
2025,1181,1385,0.9415823501716977,1181,Duke,duke,1385,St John's,st-johns-ny
2025,1181,1388,0.8571122175909618,1181,Duke,duke,1388,St Mary's CA,st-marys-ca
2025,1181,1397,0.9286254414404718,1181,Duke,duke,1397,Tennessee,tennessee
2025,1181,1400,0.9926087033276745,1181,Duke,duke,1400,Texas,texas
2025,1181,1401,0.9949007492714042,1181,Duke,duke,1401,Texas A&M,texas-am
2025,1181,1403,0.9407554975818924,1181,Duke,duke,1403,Texas Tech,texas-tech
2025,1181,1407,0.9201408770600075,1181,Duke,duke,1407,Troy,troy
2025,1181,1417,0.9498300470379986,1181,Duke,duke,1417,UCLA,ucla
2025,1181,1429,0.9385637059248413,1181,Duke,duke,1429,Utah St,utah-st
2025,1181,1433,0.751237636970135,1181,Duke,duke,1433,VCU,vcu
2025,1181,1435,0.9928682835702805,1181,Duke,duke,1435,Vanderbilt,vanderbilt
2025,1181,1458,0.9117135279697104,1181,Duke,duke,1458,Wisconsin,wisconsin
2025,1181,1459,0.8936220245106477,1181,Duke,duke,1459,Wofford,wofford
2025,1181,1462,0.9293335261519482,1181,Duke,duke,1462,Xavier,xavier
2025,1181,1463,0.8575174337084802,1181,Duke,duke,1463,Yale,yale
2025,1188,1196,0.19587257389697488,1188,SIUE,siu-edwardsville,1196,Florida,florida
2025,1188,1208,0.6472796962201249,1188,SIUE,siu-edwardsville,1208,Georgia,georgia
2025,1188,1211,0.14222753182873643,1188,SIUE,siu-edwardsville,1211,Gonzaga,gonzaga
2025,1188,1213,0.3734022711655349,1188,SIUE,siu-edwardsville,1213,Grand Canyon,grand-canyon
2025,1188,1219,0.23318098128115372,1188,SIUE,siu-edwardsville,1219,High Point,high-point
2025,1188,1222,0.28392021242884624,1188,SIUE,siu-edwardsville,1222,Houston,houston
2025,1188,1228,0.5229972696108535,1188,SIUE,siu-edwardsville,1228,Illinois,illinois
2025,1188,1235,0.4609134464911345,1188,SIUE,siu-edwardsville,1235,Iowa St,iowa-st
2025,1188,1242,0.6468617428407657,1188,SIUE,siu-edwardsville,1242,Kansas,kansas
2025,1188,1246,0.43062132250135876,1188,SIUE,siu-edwardsville,1246,Kentucky,kentucky
2025,1188,1251,0.440285415645505,1188,SIUE,siu-edwardsville,1251,Liberty,liberty
2025,1188,1252,0.18735503313266438,1188,SIUE,siu-edwardsville,1252,Lipscomb,lipscomb
2025,1188,1257,0.2025991917001852,1188,SIUE,siu-edwardsville,1257,Louisville,louisville
2025,1188,1266,0.3629959525271675,1188,SIUE,siu-edwardsville,1266,Marquette,marquette
2025,1188,1268,0.3290992056826679,1188,SIUE,siu-edwardsville,1268,Maryland,maryland
2025,1188,1270,0.1981867497699643,1188,SIUE,siu-edwardsville,1270,McNeese St,mcneese
2025,1188,1272,0.3773916565539385,1188,SIUE,siu-edwardsville,1272,Memphis,memphis
2025,1188,1276,0.6710872066624588,1188,SIUE,siu-edwardsville,1276,Michigan,michigan
2025,1188,1277,0.3848003858827269,1188,SIUE,siu-edwardsville,1277,Michigan St,michigan-st
2025,1188,1279,0.706453107060839,1188,SIUE,siu-edwardsville,1279,Mississippi,ole-miss
2025,1188,1280,0.6318247439871917,1188,SIUE,siu-edwardsville,1280,Mississippi St,mississippi-st
2025,1188,1281,0.3199892376357827,1188,SIUE,siu-edwardsville,1281,Missouri,missouri
2025,1188,1285,0.37094178840736125,1188,SIUE,siu-edwardsville,1285,Montana,montana
2025,1188,1291,0.42563803002901546,1188,SIUE,siu-edwardsville,1291,Mt St Mary's,mt-st-marys
2025,1188,1307,0.38820308326863107,1188,SIUE,siu-edwardsville,1307,New Mexico,new-mexico
2025,1188,1313,0.40447588394132383,1188,SIUE,siu-edwardsville,1313,Norfolk St,norfolk-st
2025,1188,1314,0.3246890834530032,1188,SIUE,siu-edwardsville,1314,North Carolina,north-carolina
2025,1188,1328,0.7504179875988097,1188,SIUE,siu-edwardsville,1328,Oklahoma,oklahoma
2025,1188,1332,0.40494761931928586,1188,SIUE,siu-edwardsville,1332,Oregon,oregon
2025,1188,1345,0.4936946273475776,1188,SIUE,siu-edwardsville,1345,Purdue,purdue
2025,1188,1352,0.23499448711770204,1188,SIUE,siu-edwardsville,1352,Robert Morris,robert-morris
2025,1188,1361,0.35915922945104384,1188,SIUE,siu-edwardsville,1361,San Diego St,san-diego-st
2025,1188,1384,0.5792477547001625,1188,SIUE,siu-edwardsville,1384,St Francis PA,st-francis-pa
2025,1188,1385,0.4081019050209515,1188,SIUE,siu-edwardsville,1385,St John's,st-johns-ny
2025,1188,1388,0.27146958030205953,1188,SIUE,siu-edwardsville,1388,St Mary's CA,st-marys-ca
2025,1188,1397,0.40987362895842544,1188,SIUE,siu-edwardsville,1397,Tennessee,tennessee
2025,1188,1400,0.7027804469674563,1188,SIUE,siu-edwardsville,1400,Texas,texas
2025,1188,1401,0.7251171756045136,1188,SIUE,siu-edwardsville,1401,Texas A&M,texas-am
2025,1188,1403,0.3738647088233723,1188,SIUE,siu-edwardsville,1403,Texas Tech,texas-tech
2025,1188,1407,0.37557768281526926,1188,SIUE,siu-edwardsville,1407,Troy,troy
2025,1188,1417,0.4918643885500722,1188,SIUE,siu-edwardsville,1417,UCLA,ucla
2025,1188,1429,0.4496800368746822,1188,SIUE,siu-edwardsville,1429,Utah St,utah-st
2025,1188,1433,0.14649999829922494,1188,SIUE,siu-edwardsville,1433,VCU,vcu
2025,1188,1435,0.658266946427254,1188,SIUE,siu-edwardsville,1435,Vanderbilt,vanderbilt
2025,1188,1458,0.30086666672333756,1188,SIUE,siu-edwardsville,1458,Wisconsin,wisconsin
2025,1188,1459,0.347965376551404,1188,SIUE,siu-edwardsville,1459,Wofford,wofford
2025,1188,1462,0.32038649393640783,1188,SIUE,siu-edwardsville,1462,Xavier,xavier
2025,1188,1463,0.27427196074320337,1188,SIUE,siu-edwardsville,1463,Yale,yale
2025,1196,1208,0.8989839235821669,1196,Florida,florida,1208,Georgia,georgia
2025,1196,1211,0.3889532454335236,1196,Florida,florida,1211,Gonzaga,gonzaga
2025,1196,1213,0.6908187890387433,1196,Florida,florida,1213,Grand Canyon,grand-canyon
2025,1196,1219,0.5125758743694896,1196,Florida,florida,1219,High Point,high-point
2025,1196,1222,0.6013921000910514,1196,Florida,florida,1222,Houston,houston
2025,1196,1228,0.8512774525106435,1196,Florida,florida,1228,Illinois,illinois
2025,1196,1235,0.7514548820822589,1196,Florida,florida,1235,Iowa St,iowa-st
2025,1196,1242,0.9031462660093492,1196,Florida,florida,1242,Kansas,kansas
2025,1196,1246,0.7487467839319026,1196,Florida,florida,1246,Kentucky,kentucky
2025,1196,1251,0.7174928409448051,1196,Florida,florida,1251,Liberty,liberty
2025,1196,1252,0.47317348760423456,1196,Florida,florida,1252,Lipscomb,lipscomb
2025,1196,1257,0.5005610895478828,1196,Florida,florida,1257,Louisville,louisville
2025,1196,1266,0.7352908915135672,1196,Florida,florida,1266,Marquette,marquette
2025,1196,1268,0.63777136048965,1196,Florida,florida,1268,Maryland,maryland
2025,1196,1270,0.445221330207392,1196,Florida,florida,1270,McNeese St,mcneese
2025,1196,1272,0.6344364810513445,1196,Florida,florida,1272,Memphis,memphis
2025,1196,1276,0.9164090322111406,1196,Florida,florida,1276,Michigan,michigan
2025,1196,1277,0.6850582211794157,1196,Florida,florida,1277,Michigan St,michigan-st
2025,1196,1279,0.9343404182274053,1196,Florida,florida,1279,Mississippi,ole-miss
2025,1196,1280,0.8850825508484883,1196,Florida,florida,1280,Mississippi St,mississippi-st
2025,1196,1281,0.6420407999954099,1196,Florida,florida,1281,Missouri,missouri
2025,1196,1285,0.6879681691679113,1196,Florida,florida,1285,Montana,montana
2025,1196,1291,0.7804518584526752,1196,Florida,florida,1291,Mt St Mary's,mt-st-marys
2025,1196,1307,0.6533051212953231,1196,Florida,florida,1307,New Mexico,new-mexico
2025,1196,1313,0.7048012222944313,1196,Florida,florida,1313,Norfolk St,norfolk-st
2025,1196,1314,0.6410808571647078,1196,Florida,florida,1314,North Carolina,north-carolina
2025,1196,1328,0.9624684996760218,1196,Florida,florida,1328,Oklahoma,oklahoma
2025,1196,1332,0.7286476770274593,1196,Florida,florida,1332,Oregon,oregon
2025,1196,1345,0.8422607908575315,1196,Florida,florida,1345,Purdue,purdue
2025,1196,1352,0.5690174645092114,1196,Florida,florida,1352,Robert Morris,robert-morris
2025,1196,1361,0.6946556491121235,1196,Florida,florida,1361,San Diego St,san-diego-st
2025,1196,1384,0.8519390620267473,1196,Florida,florida,1384,St Francis PA,st-francis-pa
2025,1196,1385,0.6932199468566842,1196,Florida,florida,1385,St John's,st-johns-ny
2025,1196,1388,0.5309085070884496,1196,Florida,florida,1388,St Mary's CA,st-marys-ca
2025,1196,1397,0.7556437156260922,1196,Florida,florida,1397,Tennessee,tennessee
2025,1196,1400,0.9308545541159153,1196,Florida,florida,1400,Texas,texas
2025,1196,1401,0.9441770543952104,1196,Florida,florida,1401,Texas A&M,texas-am
2025,1196,1403,0.7249775352017563,1196,Florida,florida,1403,Texas Tech,texas-tech
2025,1196,1407,0.6363572084058051,1196,Florida,florida,1407,Troy,troy
2025,1196,1417,0.7295462803936075,1196,Florida,florida,1417,UCLA,ucla
2025,1196,1429,0.7584184235477678,1196,Florida,florida,1429,Utah St,utah-st
2025,1196,1433,0.37247529451472916,1196,Florida,florida,1433,VCU,vcu
2025,1196,1435,0.9003933358848533,1196,Florida,florida,1435,Vanderbilt,vanderbilt
2025,1196,1458,0.6456008379538019,1196,Florida,florida,1458,Wisconsin,wisconsin
2025,1196,1459,0.5911237430205182,1196,Florida,florida,1459,Wofford,wofford
2025,1196,1462,0.6668919242112286,1196,Florida,florida,1462,Xavier,xavier
2025,1196,1463,0.5758159359788597,1196,Florida,florida,1463,Yale,yale
2025,1208,1211,0.06567975459681047,1208,Georgia,georgia,1211,Gonzaga,gonzaga
2025,1208,1213,0.227343333679567,1208,Georgia,georgia,1213,Grand Canyon,grand-canyon
2025,1208,1219,0.12795137681988128,1208,Georgia,georgia,1219,High Point,high-point
2025,1208,1222,0.15991126049743393,1208,Georgia,georgia,1222,Houston,houston
2025,1208,1228,0.3855793533650892,1208,Georgia,georgia,1228,Illinois,illinois
2025,1208,1235,0.32780054688609783,1208,Georgia,georgia,1235,Iowa St,iowa-st
2025,1208,1242,0.5293685500801542,1208,Georgia,georgia,1242,Kansas,kansas
2025,1208,1246,0.3121784917833671,1208,Georgia,georgia,1246,Kentucky,kentucky
2025,1208,1251,0.3030554207335817,1208,Georgia,georgia,1251,Liberty,liberty
2025,1208,1252,0.11142809046505947,1208,Georgia,georgia,1252,Lipscomb,lipscomb
2025,1208,1257,0.13227118087836476,1208,Georgia,georgia,1257,Louisville,louisville
2025,1208,1266,0.2529751560255234,1208,Georgia,georgia,1266,Marquette,marquette
2025,1208,1268,0.20489312998298126,1208,Georgia,georgia,1268,Maryland,maryland
2025,1208,1270,0.08076073941804662,1208,Georgia,georgia,1270,McNeese St,mcneese
2025,1208,1272,0.2021507512940134,1208,Georgia,georgia,1272,Memphis,memphis
2025,1208,1276,0.5456776593257847,1208,Georgia,georgia,1276,Michigan,michigan
2025,1208,1277,0.22017473717599512,1208,Georgia,georgia,1277,Michigan St,michigan-st
2025,1208,1279,0.6340404667993147,1208,Georgia,georgia,1279,Mississippi,ole-miss
2025,1208,1280,0.4856373164342706,1208,Georgia,georgia,1280,Mississippi St,mississippi-st
2025,1208,1281,0.2065354273662891,1208,Georgia,georgia,1281,Missouri,missouri
2025,1208,1285,0.25302030087500976,1208,Georgia,georgia,1285,Montana,montana
2025,1208,1291,0.26527293585966827,1208,Georgia,georgia,1291,Mt St Mary's,mt-st-marys
2025,1208,1307,0.2372864308225302,1208,Georgia,georgia,1307,New Mexico,new-mexico
2025,1208,1313,0.28454977052747366,1208,Georgia,georgia,1313,Norfolk St,norfolk-st
2025,1208,1314,0.17661508794061598,1208,Georgia,georgia,1314,North Carolina,north-carolina
2025,1208,1328,0.6675002642485146,1208,Georgia,georgia,1328,Oklahoma,oklahoma
2025,1208,1332,0.2709393474203149,1208,Georgia,georgia,1332,Oregon,oregon
2025,1208,1345,0.3591618961100626,1208,Georgia,georgia,1345,Purdue,purdue
2025,1208,1352,0.1333219372180114,1208,Georgia,georgia,1352,Robert Morris,robert-morris
2025,1208,1361,0.2539540118503081,1208,Georgia,georgia,1361,San Diego St,san-diego-st
2025,1208,1384,0.424701740869804,1208,Georgia,georgia,1384,St Francis PA,st-francis-pa
2025,1208,1385,0.2391771895925895,1208,Georgia,georgia,1385,St John's,st-johns-ny
2025,1208,1388,0.1425548656410166,1208,Georgia,georgia,1388,St Mary's CA,st-marys-ca
2025,1208,1397,0.26664758826841417,1208,Georgia,georgia,1397,Tennessee,tennessee
2025,1208,1400,0.6144622598686559,1208,Georgia,georgia,1400,Texas,texas
2025,1208,1401,0.609149955683282,1208,Georgia,georgia,1401,Texas A&M,texas-am
2025,1208,1403,0.24738918448482294,1208,Georgia,georgia,1403,Texas Tech,texas-tech
2025,1208,1407,0.21675624709585672,1208,Georgia,georgia,1407,Troy,troy
2025,1208,1417,0.3201857398895982,1208,Georgia,georgia,1417,UCLA,ucla
2025,1208,1429,0.29480968985587347,1208,Georgia,georgia,1429,Utah St,utah-st
2025,1208,1433,0.05946014064129945,1208,Georgia,georgia,1433,VCU,vcu
2025,1208,1435,0.515253992025327,1208,Georgia,georgia,1435,Vanderbilt,vanderbilt
2025,1208,1458,0.20174628548273305,1208,Georgia,georgia,1458,Wisconsin,wisconsin
2025,1208,1459,0.18237058904065667,1208,Georgia,georgia,1459,Wofford,wofford
2025,1208,1462,0.21976107130012473,1208,Georgia,georgia,1462,Xavier,xavier
2025,1208,1463,0.15800704552000577,1208,Georgia,georgia,1463,Yale,yale
2025,1211,1213,0.7802272378817792,1211,Gonzaga,gonzaga,1213,Grand Canyon,grand-canyon
2025,1211,1219,0.6201722025244416,1211,Gonzaga,gonzaga,1219,High Point,high-point
2025,1211,1222,0.7334223241472517,1211,Gonzaga,gonzaga,1222,Houston,houston
2025,1211,1228,0.9058919810848018,1211,Gonzaga,gonzaga,1228,Illinois,illinois
2025,1211,1235,0.8653296543774627,1211,Gonzaga,gonzaga,1235,Iowa St,iowa-st
2025,1211,1242,0.9410538952264469,1211,Gonzaga,gonzaga,1242,Kansas,kansas
2025,1211,1246,0.8668275582485685,1211,Gonzaga,gonzaga,1246,Kentucky,kentucky
2025,1211,1251,0.8707549009419107,1211,Gonzaga,gonzaga,1251,Liberty,liberty
2025,1211,1252,0.6315729244957411,1211,Gonzaga,gonzaga,1252,Lipscomb,lipscomb
2025,1211,1257,0.6623080582903865,1211,Gonzaga,gonzaga,1257,Louisville,louisville
2025,1211,1266,0.7952565475883673,1211,Gonzaga,gonzaga,1266,Marquette,marquette
2025,1211,1268,0.7676661832124837,1211,Gonzaga,gonzaga,1268,Maryland,maryland
2025,1211,1270,0.5633096702579807,1211,Gonzaga,gonzaga,1270,McNeese St,mcneese
2025,1211,1272,0.749793281040302,1211,Gonzaga,gonzaga,1272,Memphis,memphis
2025,1211,1276,0.9567025086330756,1211,Gonzaga,gonzaga,1276,Michigan,michigan
2025,1211,1277,0.7876450280629645,1211,Gonzaga,gonzaga,1277,Michigan St,michigan-st
2025,1211,1279,0.9807573682127313,1211,Gonzaga,gonzaga,1279,Mississippi,ole-miss
2025,1211,1280,0.9385269211543343,1211,Gonzaga,gonzaga,1280,Mississippi St,mississippi-st
2025,1211,1281,0.7633931505465661,1211,Gonzaga,gonzaga,1281,Missouri,missouri
2025,1211,1285,0.8093655575391188,1211,Gonzaga,gonzaga,1285,Montana,montana
2025,1211,1291,0.8382283927062708,1211,Gonzaga,gonzaga,1291,Mt St Mary's,mt-st-marys
2025,1211,1307,0.811116660703437,1211,Gonzaga,gonzaga,1307,New Mexico,new-mexico
2025,1211,1313,0.8156743948374328,1211,Gonzaga,gonzaga,1313,Norfolk St,norfolk-st
2025,1211,1314,0.7250445387951593,1211,Gonzaga,gonzaga,1314,North Carolina,north-carolina
2025,1211,1328,0.9754536378519715,1211,Gonzaga,gonzaga,1328,Oklahoma,oklahoma
2025,1211,1332,0.8534176571288956,1211,Gonzaga,gonzaga,1332,Oregon,oregon
2025,1211,1345,0.8825071346662101,1211,Gonzaga,gonzaga,1345,Purdue,purdue
2025,1211,1352,0.6888019495989046,1211,Gonzaga,gonzaga,1352,Robert Morris,robert-morris
2025,1211,1361,0.8109638659025551,1211,Gonzaga,gonzaga,1361,San Diego St,san-diego-st
2025,1211,1384,0.9060614527725812,1211,Gonzaga,gonzaga,1384,St Francis PA,st-francis-pa
2025,1211,1385,0.826784517957065,1211,Gonzaga,gonzaga,1385,St John's,st-johns-ny
2025,1211,1388,0.6820201511928279,1211,Gonzaga,gonzaga,1388,St Mary's CA,st-marys-ca
2025,1211,1397,0.845285335937425,1211,Gonzaga,gonzaga,1397,Tennessee,tennessee
2025,1211,1400,0.9687925676076306,1211,Gonzaga,gonzaga,1400,Texas,texas
2025,1211,1401,0.9678704450259363,1211,Gonzaga,gonzaga,1401,Texas A&M,texas-am
2025,1211,1403,0.8177933684489098,1211,Gonzaga,gonzaga,1403,Texas Tech,texas-tech
2025,1211,1407,0.8076488428266588,1211,Gonzaga,gonzaga,1407,Troy,troy
2025,1211,1417,0.8643568995922041,1211,Gonzaga,gonzaga,1417,UCLA,ucla
2025,1211,1429,0.8405266163157199,1211,Gonzaga,gonzaga,1429,Utah St,utah-st
2025,1211,1433,0.4937280414077039,1211,Gonzaga,gonzaga,1433,VCU,vcu
2025,1211,1435,0.9525411303912501,1211,Gonzaga,gonzaga,1435,Vanderbilt,vanderbilt
2025,1211,1458,0.7453132194679151,1211,Gonzaga,gonzaga,1458,Wisconsin,wisconsin
2025,1211,1459,0.7393358401929992,1211,Gonzaga,gonzaga,1459,Wofford,wofford
2025,1211,1462,0.7885248501168517,1211,Gonzaga,gonzaga,1462,Xavier,xavier
2025,1211,1463,0.7168564925143924,1211,Gonzaga,gonzaga,1463,Yale,yale
2025,1213,1219,0.33315097292848406,1213,Grand Canyon,grand-canyon,1219,High Point,high-point
2025,1213,1222,0.4075516021277067,1213,Grand Canyon,grand-canyon,1222,Houston,houston
2025,1213,1228,0.6750401601703365,1213,Grand Canyon,grand-canyon,1228,Illinois,illinois
2025,1213,1235,0.5682227215249652,1213,Grand Canyon,grand-canyon,1235,Iowa St,iowa-st
2025,1213,1242,0.7820642502192052,1213,Grand Canyon,grand-canyon,1242,Kansas,kansas
2025,1213,1246,0.573558951805378,1213,Grand Canyon,grand-canyon,1246,Kentucky,kentucky
2025,1213,1251,0.6317392145620028,1213,Grand Canyon,grand-canyon,1251,Liberty,liberty
2025,1213,1252,0.32834507019582243,1213,Grand Canyon,grand-canyon,1252,Lipscomb,lipscomb
2025,1213,1257,0.36366817918873173,1213,Grand Canyon,grand-canyon,1257,Louisville,louisville
2025,1213,1266,0.5011100490162792,1213,Grand Canyon,grand-canyon,1266,Marquette,marquette
2025,1213,1268,0.448206545806072,1213,Grand Canyon,grand-canyon,1268,Maryland,maryland
2025,1213,1270,0.3049759952182279,1213,Grand Canyon,grand-canyon,1270,McNeese St,mcneese
2025,1213,1272,0.4653314528847218,1213,Grand Canyon,grand-canyon,1272,Memphis,memphis
2025,1213,1276,0.8104386228527105,1213,Grand Canyon,grand-canyon,1276,Michigan,michigan
2025,1213,1277,0.4977607651932698,1213,Grand Canyon,grand-canyon,1277,Michigan St,michigan-st
2025,1213,1279,0.81949473358251,1213,Grand Canyon,grand-canyon,1279,Mississippi,ole-miss
2025,1213,1280,0.7554549829969253,1213,Grand Canyon,grand-canyon,1280,Mississippi St,mississippi-st
2025,1213,1281,0.4808018184518625,1213,Grand Canyon,grand-canyon,1281,Missouri,missouri
2025,1213,1285,0.5430402678172662,1213,Grand Canyon,grand-canyon,1285,Montana,montana
2025,1213,1291,0.6247970247461361,1213,Grand Canyon,grand-canyon,1291,Mt St Mary's,mt-st-marys
2025,1213,1307,0.4707395832595274,1213,Grand Canyon,grand-canyon,1307,New Mexico,new-mexico
2025,1213,1313,0.5084473905821086,1213,Grand Canyon,grand-canyon,1313,Norfolk St,norfolk-st
2025,1213,1314,0.4800106408537561,1213,Grand Canyon,grand-canyon,1314,North Carolina,north-carolina
2025,1213,1328,0.8579900115460959,1213,Grand Canyon,grand-canyon,1328,Oklahoma,oklahoma
2025,1213,1332,0.5177809029596336,1213,Grand Canyon,grand-canyon,1332,Oregon,oregon
2025,1213,1345,0.6409166096330826,1213,Grand Canyon,grand-canyon,1345,Purdue,purdue
2025,1213,1352,0.36645476906805474,1213,Grand Canyon,grand-canyon,1352,Robert Morris,robert-morris
2025,1213,1361,0.5209035250494394,1213,Grand Canyon,grand-canyon,1361,San Diego St,san-diego-st
2025,1213,1384,0.6969373057562575,1213,Grand Canyon,grand-canyon,1384,St Francis PA,st-francis-pa
2025,1213,1385,0.5083298982908947,1213,Grand Canyon,grand-canyon,1385,St John's,st-johns-ny
2025,1213,1388,0.34992740467208316,1213,Grand Canyon,grand-canyon,1388,St Mary's CA,st-marys-ca
2025,1213,1397,0.5683521122400386,1213,Grand Canyon,grand-canyon,1397,Tennessee,tennessee
2025,1213,1400,0.8291678085706777,1213,Grand Canyon,grand-canyon,1400,Texas,texas
2025,1213,1401,0.8373989152046546,1213,Grand Canyon,grand-canyon,1401,Texas A&M,texas-am
2025,1213,1403,0.4839317918508556,1213,Grand Canyon,grand-canyon,1403,Texas Tech,texas-tech
2025,1213,1407,0.47185071517734917,1213,Grand Canyon,grand-canyon,1407,Troy,troy
2025,1213,1417,0.5834054973455124,1213,Grand Canyon,grand-canyon,1417,UCLA,ucla
2025,1213,1429,0.5687786314994537,1213,Grand Canyon,grand-canyon,1429,Utah St,utah-st
2025,1213,1433,0.2274559097251378,1213,Grand Canyon,grand-canyon,1433,VCU,vcu
2025,1213,1435,0.7880044794190864,1213,Grand Canyon,grand-canyon,1435,Vanderbilt,vanderbilt
2025,1213,1458,0.4158179664918211,1213,Grand Canyon,grand-canyon,1458,Wisconsin,wisconsin
2025,1213,1459,0.4150464959281998,1213,Grand Canyon,grand-canyon,1459,Wofford,wofford
2025,1213,1462,0.4759309616652682,1213,Grand Canyon,grand-canyon,1462,Xavier,xavier
2025,1213,1463,0.4013329432304914,1213,Grand Canyon,grand-canyon,1463,Yale,yale
2025,1219,1222,0.599571538820555,1219,High Point,high-point,1222,Houston,houston
2025,1219,1228,0.8535187581520238,1219,High Point,high-point,1228,Illinois,illinois
2025,1219,1235,0.7613328605649838,1219,High Point,high-point,1235,Iowa St,iowa-st
2025,1219,1242,0.9056844502263028,1219,High Point,high-point,1242,Kansas,kansas
2025,1219,1246,0.7665571613018869,1219,High Point,high-point,1246,Kentucky,kentucky
2025,1219,1251,0.8095727680719995,1219,High Point,high-point,1251,Liberty,liberty
2025,1219,1252,0.5440311062296896,1219,High Point,high-point,1252,Lipscomb,lipscomb
2025,1219,1257,0.5690913925166313,1219,High Point,high-point,1257,Louisville,louisville
2025,1219,1266,0.7288500583018895,1219,High Point,high-point,1266,Marquette,marquette
2025,1219,1268,0.678184392254087,1219,High Point,high-point,1268,Maryland,maryland
2025,1219,1270,0.48728997755164205,1219,High Point,high-point,1270,McNeese St,mcneese
2025,1219,1272,0.6525953404844399,1219,High Point,high-point,1272,Memphis,memphis
2025,1219,1276,0.9193360437990927,1219,High Point,high-point,1276,Michigan,michigan
2025,1219,1277,0.6989230421617382,1219,High Point,high-point,1277,Michigan St,michigan-st
2025,1219,1279,0.9637957696150179,1219,High Point,high-point,1279,Mississippi,ole-miss
2025,1219,1280,0.9209282595917084,1219,High Point,high-point,1280,Mississippi St,mississippi-st
2025,1219,1281,0.6706345753405061,1219,High Point,high-point,1281,Missouri,missouri
2025,1219,1285,0.7330373411197838,1219,High Point,high-point,1285,Montana,montana
2025,1219,1291,0.8177125539319494,1219,High Point,high-point,1291,Mt St Mary's,mt-st-marys
2025,1219,1307,0.6983061397444736,1219,High Point,high-point,1307,New Mexico,new-mexico
2025,1219,1313,0.7123217456996117,1219,High Point,high-point,1313,Norfolk St,norfolk-st
2025,1219,1314,0.6932050659374247,1219,High Point,high-point,1314,North Carolina,north-carolina
2025,1219,1328,0.9725867429645902,1219,High Point,high-point,1328,Oklahoma,oklahoma
2025,1219,1332,0.7349034126080761,1219,High Point,high-point,1332,Oregon,oregon
2025,1219,1345,0.8305757676993673,1219,High Point,high-point,1345,Purdue,purdue
2025,1219,1352,0.6180846952591598,1219,High Point,high-point,1352,Robert Morris,robert-morris
2025,1219,1361,0.6993858724150639,1219,High Point,high-point,1361,San Diego St,san-diego-st
2025,1219,1384,0.85770328470351,1219,High Point,high-point,1384,St Francis PA,st-francis-pa
2025,1219,1385,0.7049144206252189,1219,High Point,high-point,1385,St John's,st-johns-ny
2025,1219,1388,0.5624045171405793,1219,High Point,high-point,1388,St Mary's CA,st-marys-ca
2025,1219,1397,0.7800808091447119,1219,High Point,high-point,1397,Tennessee,tennessee
2025,1219,1400,0.9524221963216961,1219,High Point,high-point,1400,Texas,texas
2025,1219,1401,0.9611111649707276,1219,High Point,high-point,1401,Texas A&M,texas-am
2025,1219,1403,0.7265686107545895,1219,High Point,high-point,1403,Texas Tech,texas-tech
2025,1219,1407,0.6738332825409996,1219,High Point,high-point,1407,Troy,troy
2025,1219,1417,0.7585402705728925,1219,High Point,high-point,1417,UCLA,ucla
2025,1219,1429,0.7544848185967569,1219,High Point,high-point,1429,Utah St,utah-st
2025,1219,1433,0.4328552929528493,1219,High Point,high-point,1433,VCU,vcu
2025,1219,1435,0.9393800132719636,1219,High Point,high-point,1435,Vanderbilt,vanderbilt
2025,1219,1458,0.6504440546443302,1219,High Point,high-point,1458,Wisconsin,wisconsin
2025,1219,1459,0.6068470033938111,1219,High Point,high-point,1459,Wofford,wofford
2025,1219,1462,0.6777644607903389,1219,High Point,high-point,1462,Xavier,xavier
2025,1219,1463,0.6203926171018207,1219,High Point,high-point,1463,Yale,yale
2025,1222,1228,0.7820578702183278,1222,Houston,houston,1228,Illinois,illinois
2025,1222,1235,0.6556679824560332,1222,Houston,houston,1235,Iowa St,iowa-st
2025,1222,1242,0.8392567243166644,1222,Houston,houston,1242,Kansas,kansas
2025,1222,1246,0.6412167915541326,1222,Houston,houston,1246,Kentucky,kentucky
2025,1222,1251,0.6764290301699054,1222,Houston,houston,1251,Liberty,liberty
2025,1222,1252,0.3729587527612367,1222,Houston,houston,1252,Lipscomb,lipscomb
2025,1222,1257,0.40151584790683037,1222,Houston,houston,1257,Louisville,louisville
2025,1222,1266,0.6135289653702278,1222,Houston,houston,1266,Marquette,marquette
2025,1222,1268,0.505794872578558,1222,Houston,houston,1268,Maryland,maryland
2025,1222,1270,0.3424512825511937,1222,Houston,houston,1270,McNeese St,mcneese
2025,1222,1272,0.5261555488042323,1222,Houston,houston,1272,Memphis,memphis
2025,1222,1276,0.866279952953634,1222,Houston,houston,1276,Michigan,michigan
2025,1222,1277,0.5967230670091576,1222,Houston,houston,1277,Michigan St,michigan-st
2025,1222,1279,0.9120703546804119,1222,Houston,houston,1279,Mississippi,ole-miss
2025,1222,1280,0.8747439000396706,1222,Houston,houston,1280,Mississippi St,mississippi-st
2025,1222,1281,0.5424913307915588,1222,Houston,houston,1281,Missouri,missouri
2025,1222,1285,0.6336871612036681,1222,Houston,houston,1285,Montana,montana
2025,1222,1291,0.7146105466761854,1222,Houston,houston,1291,Mt St Mary's,mt-st-marys
2025,1222,1307,0.5804523588545929,1222,Houston,houston,1307,New Mexico,new-mexico
2025,1222,1313,0.6015162570388344,1222,Houston,houston,1313,Norfolk St,norfolk-st
2025,1222,1314,0.5771431390601874,1222,Houston,houston,1314,North Carolina,north-carolina
2025,1222,1328,0.9521877562005978,1222,Houston,houston,1328,Oklahoma,oklahoma
2025,1222,1332,0.6095716054303506,1222,Houston,houston,1332,Oregon,oregon
2025,1222,1345,0.7539246122271036,1222,Houston,houston,1345,Purdue,purdue
2025,1222,1352,0.4321272798514154,1222,Houston,houston,1352,Robert Morris,robert-morris
2025,1222,1361,0.564906960750109,1222,Houston,houston,1361,San Diego St,san-diego-st
2025,1222,1384,0.7709978829905583,1222,Houston,houston,1384,St Francis PA,st-francis-pa
2025,1222,1385,0.5926916035603269,1222,Houston,houston,1385,St John's,st-johns-ny
2025,1222,1388,0.3960816132023196,1222,Houston,houston,1388,St Mary's CA,st-marys-ca
2025,1222,1397,0.6065065850618575,1222,Houston,houston,1397,Tennessee,tennessee
2025,1222,1400,0.9116486976283706,1222,Houston,houston,1400,Texas,texas
2025,1222,1401,0.9320536728028745,1222,Houston,houston,1401,Texas A&M,texas-am
2025,1222,1403,0.6085885305640559,1222,Houston,houston,1403,Texas Tech,texas-tech
2025,1222,1407,0.523936046401123,1222,Houston,houston,1407,Troy,troy
2025,1222,1417,0.637788107555579,1222,Houston,houston,1417,UCLA,ucla
2025,1222,1429,0.6814415243981404,1222,Houston,houston,1429,Utah St,utah-st
2025,1222,1433,0.312194884400281,1222,Houston,houston,1433,VCU,vcu
2025,1222,1435,0.9004487532964692,1222,Houston,houston,1435,Vanderbilt,vanderbilt
2025,1222,1458,0.5109168456626988,1222,Houston,houston,1458,Wisconsin,wisconsin
2025,1222,1459,0.5010139683760991,1222,Houston,houston,1459,Wofford,wofford
2025,1222,1462,0.5359438278610938,1222,Houston,houston,1462,Xavier,xavier
2025,1222,1463,0.44643977826659265,1222,Houston,houston,1463,Yale,yale
2025,1228,1235,0.4205798111360437,1228,Illinois,illinois,1235,Iowa St,iowa-st
2025,1228,1242,0.5751482432538738,1228,Illinois,illinois,1242,Kansas,kansas
2025,1228,1246,0.3994694067636231,1228,Illinois,illinois,1246,Kentucky,kentucky
2025,1228,1251,0.38098331102591065,1228,Illinois,illinois,1251,Liberty,liberty
2025,1228,1252,0.15743552229186697,1228,Illinois,illinois,1252,Lipscomb,lipscomb
2025,1228,1257,0.17166177071941885,1228,Illinois,illinois,1257,Louisville,louisville
2025,1228,1266,0.31602978786479274,1228,Illinois,illinois,1266,Marquette,marquette
2025,1228,1268,0.29621595275412016,1228,Illinois,illinois,1268,Maryland,maryland
2025,1228,1270,0.13671783436910295,1228,Illinois,illinois,1270,McNeese St,mcneese
2025,1228,1272,0.3057146157341328,1228,Illinois,illinois,1272,Memphis,memphis
2025,1228,1276,0.5878554074678988,1228,Illinois,illinois,1276,Michigan,michigan
2025,1228,1277,0.3014012442221687,1228,Illinois,illinois,1277,Michigan St,michigan-st
2025,1228,1279,0.6414958051910034,1228,Illinois,illinois,1279,Mississippi,ole-miss
2025,1228,1280,0.5659008189038396,1228,Illinois,illinois,1280,Mississippi St,mississippi-st
2025,1228,1281,0.2561138370266564,1228,Illinois,illinois,1281,Missouri,missouri
2025,1228,1285,0.33232794810012156,1228,Illinois,illinois,1285,Montana,montana
2025,1228,1291,0.34940096935507614,1228,Illinois,illinois,1291,Mt St Mary's,mt-st-marys
2025,1228,1307,0.3172658902199237,1228,Illinois,illinois,1307,New Mexico,new-mexico
2025,1228,1313,0.38381738611686744,1228,Illinois,illinois,1313,Norfolk St,norfolk-st
2025,1228,1314,0.2412431432473508,1228,Illinois,illinois,1314,North Carolina,north-carolina
2025,1228,1328,0.7084179999342424,1228,Illinois,illinois,1328,Oklahoma,oklahoma
2025,1228,1332,0.3277868581585152,1228,Illinois,illinois,1332,Oregon,oregon
2025,1228,1345,0.40194766946709726,1228,Illinois,illinois,1345,Purdue,purdue
2025,1228,1352,0.19059674537278526,1228,Illinois,illinois,1352,Robert Morris,robert-morris
2025,1228,1361,0.32037025875720293,1228,Illinois,illinois,1361,San Diego St,san-diego-st
2025,1228,1384,0.48812383901627465,1228,Illinois,illinois,1384,St Francis PA,st-francis-pa
2025,1228,1385,0.3188093727073878,1228,Illinois,illinois,1385,St John's,st-johns-ny
2025,1228,1388,0.2237826653976464,1228,Illinois,illinois,1388,St Mary's CA,st-marys-ca
2025,1228,1397,0.3569076610562208,1228,Illinois,illinois,1397,Tennessee,tennessee
2025,1228,1400,0.6509938955568515,1228,Illinois,illinois,1400,Texas,texas
2025,1228,1401,0.6751416641599887,1228,Illinois,illinois,1401,Texas A&M,texas-am
2025,1228,1403,0.29794701685902025,1228,Illinois,illinois,1403,Texas Tech,texas-tech
2025,1228,1407,0.32688766123101753,1228,Illinois,illinois,1407,Troy,troy
2025,1228,1417,0.45835545340744654,1228,Illinois,illinois,1417,UCLA,ucla
2025,1228,1429,0.36507302158944477,1228,Illinois,illinois,1429,Utah St,utah-st
2025,1228,1433,0.09563139959511063,1228,Illinois,illinois,1433,VCU,vcu
2025,1228,1435,0.6014961016870267,1228,Illinois,illinois,1435,Vanderbilt,vanderbilt
2025,1228,1458,0.2741777370976515,1228,Illinois,illinois,1458,Wisconsin,wisconsin
2025,1228,1459,0.2763432989028739,1228,Illinois,illinois,1459,Wofford,wofford
2025,1228,1462,0.28669850316432355,1228,Illinois,illinois,1462,Xavier,xavier
2025,1228,1463,0.2333179501076204,1228,Illinois,illinois,1463,Yale,yale
2025,1235,1242,0.6923599649302745,1235,Iowa St,iowa-st,1242,Kansas,kansas
2025,1235,1246,0.48847044913426363,1235,Iowa St,iowa-st,1246,Kentucky,kentucky
2025,1235,1251,0.45156495946174013,1235,Iowa St,iowa-st,1251,Liberty,liberty
2025,1235,1252,0.20951695910300316,1235,Iowa St,iowa-st,1252,Lipscomb,lipscomb
2025,1235,1257,0.2521226536065882,1235,Iowa St,iowa-st,1257,Louisville,louisville
2025,1235,1266,0.3996709313538457,1235,Iowa St,iowa-st,1266,Marquette,marquette
2025,1235,1268,0.3567986230110558,1235,Iowa St,iowa-st,1268,Maryland,maryland
2025,1235,1270,0.19869815593103896,1235,Iowa St,iowa-st,1270,McNeese St,mcneese
2025,1235,1272,0.3920906063244917,1235,Iowa St,iowa-st,1272,Memphis,memphis
2025,1235,1276,0.7113882315200637,1235,Iowa St,iowa-st,1276,Michigan,michigan
2025,1235,1277,0.4154389056285144,1235,Iowa St,iowa-st,1277,Michigan St,michigan-st
2025,1235,1279,0.7494746742773493,1235,Iowa St,iowa-st,1279,Mississippi,ole-miss
2025,1235,1280,0.6677018844900731,1235,Iowa St,iowa-st,1280,Mississippi St,mississippi-st
2025,1235,1281,0.33855684747026915,1235,Iowa St,iowa-st,1281,Missouri,missouri
2025,1235,1285,0.3852529654790113,1235,Iowa St,iowa-st,1285,Montana,montana
2025,1235,1291,0.4444104215499953,1235,Iowa St,iowa-st,1291,Mt St Mary's,mt-st-marys
2025,1235,1307,0.4114723846850762,1235,Iowa St,iowa-st,1307,New Mexico,new-mexico
2025,1235,1313,0.43397862615436206,1235,Iowa St,iowa-st,1313,Norfolk St,norfolk-st
2025,1235,1314,0.34555447056126354,1235,Iowa St,iowa-st,1314,North Carolina,north-carolina
2025,1235,1328,0.8000257774345629,1235,Iowa St,iowa-st,1328,Oklahoma,oklahoma
2025,1235,1332,0.4490590716003497,1235,Iowa St,iowa-st,1332,Oregon,oregon
2025,1235,1345,0.5293284442767997,1235,Iowa St,iowa-st,1345,Purdue,purdue
2025,1235,1352,0.24422111309037403,1235,Iowa St,iowa-st,1352,Robert Morris,robert-morris
2025,1235,1361,0.40490994821722476,1235,Iowa St,iowa-st,1361,San Diego St,san-diego-st
2025,1235,1384,0.6022929250244042,1235,Iowa St,iowa-st,1384,St Francis PA,st-francis-pa
2025,1235,1385,0.4350362824259461,1235,Iowa St,iowa-st,1385,St John's,st-johns-ny
2025,1235,1388,0.2895557999405741,1235,Iowa St,iowa-st,1388,St Mary's CA,st-marys-ca
2025,1235,1397,0.41678574118437794,1235,Iowa St,iowa-st,1397,Tennessee,tennessee
2025,1235,1400,0.7602880892515009,1235,Iowa St,iowa-st,1400,Texas,texas
2025,1235,1401,0.7698616489149002,1235,Iowa St,iowa-st,1401,Texas A&M,texas-am
2025,1235,1403,0.4094468809639188,1235,Iowa St,iowa-st,1403,Texas Tech,texas-tech
2025,1235,1407,0.4209133573675996,1235,Iowa St,iowa-st,1407,Troy,troy
2025,1235,1417,0.5367534518854477,1235,Iowa St,iowa-st,1417,UCLA,ucla
2025,1235,1429,0.4990805635678967,1235,Iowa St,iowa-st,1429,Utah St,utah-st
2025,1235,1433,0.14214371411005672,1235,Iowa St,iowa-st,1433,VCU,vcu
2025,1235,1435,0.7052997035446524,1235,Iowa St,iowa-st,1435,Vanderbilt,vanderbilt
2025,1235,1458,0.3285951388145261,1235,Iowa St,iowa-st,1458,Wisconsin,wisconsin
2025,1235,1459,0.3697129528837049,1235,Iowa St,iowa-st,1459,Wofford,wofford
2025,1235,1462,0.37416806771561995,1235,Iowa St,iowa-st,1462,Xavier,xavier
2025,1235,1463,0.28410460266011384,1235,Iowa St,iowa-st,1463,Yale,yale
2025,1242,1246,0.3264343451196066,1242,Kansas,kansas,1246,Kentucky,kentucky
2025,1242,1251,0.33605251975335054,1242,Kansas,kansas,1251,Liberty,liberty
2025,1242,1252,0.12156885639663262,1242,Kansas,kansas,1252,Lipscomb,lipscomb
2025,1242,1257,0.1427018342455304,1242,Kansas,kansas,1257,Louisville,louisville
2025,1242,1266,0.2687130299128607,1242,Kansas,kansas,1266,Marquette,marquette
2025,1242,1268,0.23736139775506165,1242,Kansas,kansas,1268,Maryland,maryland
2025,1242,1270,0.11079510646130869,1242,Kansas,kansas,1270,McNeese St,mcneese
2025,1242,1272,0.24492513452918757,1242,Kansas,kansas,1272,Memphis,memphis
2025,1242,1276,0.59473803380515,1242,Kansas,kansas,1276,Michigan,michigan
2025,1242,1277,0.24089701056642987,1242,Kansas,kansas,1277,Michigan St,michigan-st
2025,1242,1279,0.6355581642074879,1242,Kansas,kansas,1279,Mississippi,ole-miss
2025,1242,1280,0.49897943195519534,1242,Kansas,kansas,1280,Mississippi St,mississippi-st
2025,1242,1281,0.20554751324351556,1242,Kansas,kansas,1281,Missouri,missouri
2025,1242,1285,0.30205157052497145,1242,Kansas,kansas,1285,Montana,montana
2025,1242,1291,0.31034153588861246,1242,Kansas,kansas,1291,Mt St Mary's,mt-st-marys
2025,1242,1307,0.2240440433666484,1242,Kansas,kansas,1307,New Mexico,new-mexico
2025,1242,1313,0.29351356090795033,1242,Kansas,kansas,1313,Norfolk St,norfolk-st
2025,1242,1314,0.22635278648460733,1242,Kansas,kansas,1314,North Carolina,north-carolina
2025,1242,1328,0.6622549429003521,1242,Kansas,kansas,1328,Oklahoma,oklahoma
2025,1242,1332,0.24374600420611742,1242,Kansas,kansas,1332,Oregon,oregon
2025,1242,1345,0.4036101815597078,1242,Kansas,kansas,1345,Purdue,purdue
2025,1242,1352,0.1714390859248821,1242,Kansas,kansas,1352,Robert Morris,robert-morris
2025,1242,1361,0.257078789022705,1242,Kansas,kansas,1361,San Diego St,san-diego-st
2025,1242,1384,0.46045024181489863,1242,Kansas,kansas,1384,St Francis PA,st-francis-pa
2025,1242,1385,0.245474692146468,1242,Kansas,kansas,1385,St John's,st-johns-ny
2025,1242,1388,0.1521031354548636,1242,Kansas,kansas,1388,St Mary's CA,st-marys-ca
2025,1242,1397,0.3235691724417098,1242,Kansas,kansas,1397,Tennessee,tennessee
2025,1242,1400,0.606419213398985,1242,Kansas,kansas,1400,Texas,texas
2025,1242,1401,0.6294160090042092,1242,Kansas,kansas,1401,Texas A&M,texas-am
2025,1242,1403,0.24819539723018869,1242,Kansas,kansas,1403,Texas Tech,texas-tech
2025,1242,1407,0.2284746100429237,1242,Kansas,kansas,1407,Troy,troy
2025,1242,1417,0.3411438832999905,1242,Kansas,kansas,1417,UCLA,ucla
2025,1242,1429,0.29552748310903726,1242,Kansas,kansas,1429,Utah St,utah-st
2025,1242,1433,0.06794224377595348,1242,Kansas,kansas,1433,VCU,vcu
2025,1242,1435,0.5430766983744965,1242,Kansas,kansas,1435,Vanderbilt,vanderbilt
2025,1242,1458,0.19148035589857737,1242,Kansas,kansas,1458,Wisconsin,wisconsin
2025,1242,1459,0.2039774359299048,1242,Kansas,kansas,1459,Wofford,wofford
2025,1242,1462,0.2096407784768471,1242,Kansas,kansas,1462,Xavier,xavier
2025,1242,1463,0.17639938113079073,1242,Kansas,kansas,1463,Yale,yale
2025,1246,1251,0.4503425668370504,1246,Kentucky,kentucky,1251,Liberty,liberty
2025,1246,1252,0.21658146235467612,1246,Kentucky,kentucky,1252,Lipscomb,lipscomb
2025,1246,1257,0.24238340750966753,1246,Kentucky,kentucky,1257,Louisville,louisville
2025,1246,1266,0.3835569165929116,1246,Kentucky,kentucky,1266,Marquette,marquette
2025,1246,1268,0.3668956357848313,1246,Kentucky,kentucky,1268,Maryland,maryland
2025,1246,1270,0.20445851558787942,1246,Kentucky,kentucky,1270,McNeese St,mcneese
2025,1246,1272,0.3741419941588114,1246,Kentucky,kentucky,1272,Memphis,memphis
2025,1246,1276,0.6842968910552333,1246,Kentucky,kentucky,1276,Michigan,michigan
2025,1246,1277,0.3961586153456571,1246,Kentucky,kentucky,1277,Michigan St,michigan-st
2025,1246,1279,0.7541812432720634,1246,Kentucky,kentucky,1279,Mississippi,ole-miss
2025,1246,1280,0.6478694825826157,1246,Kentucky,kentucky,1280,Mississippi St,mississippi-st
2025,1246,1281,0.3345123536584804,1246,Kentucky,kentucky,1281,Missouri,missouri
2025,1246,1285,0.38127209096549664,1246,Kentucky,kentucky,1285,Montana,montana
2025,1246,1291,0.42418470683836385,1246,Kentucky,kentucky,1291,Mt St Mary's,mt-st-marys
2025,1246,1307,0.41301432401968474,1246,Kentucky,kentucky,1307,New Mexico,new-mexico
2025,1246,1313,0.41976316857795404,1246,Kentucky,kentucky,1313,Norfolk St,norfolk-st
2025,1246,1314,0.32674131097287207,1246,Kentucky,kentucky,1314,North Carolina,north-carolina
2025,1246,1328,0.7734729963127871,1246,Kentucky,kentucky,1328,Oklahoma,oklahoma
2025,1246,1332,0.4510304713598259,1246,Kentucky,kentucky,1332,Oregon,oregon
2025,1246,1345,0.4902440029766457,1246,Kentucky,kentucky,1345,Purdue,purdue
2025,1246,1352,0.2467523426632161,1246,Kentucky,kentucky,1352,Robert Morris,robert-morris
2025,1246,1361,0.40281018740074465,1246,Kentucky,kentucky,1361,San Diego St,san-diego-st
2025,1246,1384,0.57862315036185,1246,Kentucky,kentucky,1384,St Francis PA,st-francis-pa
2025,1246,1385,0.44081991700115414,1246,Kentucky,kentucky,1385,St John's,st-johns-ny
2025,1246,1388,0.2937907254609027,1246,Kentucky,kentucky,1388,St Mary's CA,st-marys-ca
2025,1246,1397,0.42044965597220063,1246,Kentucky,kentucky,1397,Tennessee,tennessee
2025,1246,1400,0.7426273910287599,1246,Kentucky,kentucky,1400,Texas,texas
2025,1246,1401,0.7513300309287742,1246,Kentucky,kentucky,1401,Texas A&M,texas-am
2025,1246,1403,0.3907027420830732,1246,Kentucky,kentucky,1403,Texas Tech,texas-tech
2025,1246,1407,0.41812987867952206,1246,Kentucky,kentucky,1407,Troy,troy
2025,1246,1417,0.5346792340465665,1246,Kentucky,kentucky,1417,UCLA,ucla
2025,1246,1429,0.48335259537207736,1246,Kentucky,kentucky,1429,Utah St,utah-st
2025,1246,1433,0.13716198206384272,1246,Kentucky,kentucky,1433,VCU,vcu
2025,1246,1435,0.6868006322176154,1246,Kentucky,kentucky,1435,Vanderbilt,vanderbilt
2025,1246,1458,0.32669337762394635,1246,Kentucky,kentucky,1458,Wisconsin,wisconsin
2025,1246,1459,0.3618221969696914,1246,Kentucky,kentucky,1459,Wofford,wofford
2025,1246,1462,0.36651319405341853,1246,Kentucky,kentucky,1462,Xavier,xavier
2025,1246,1463,0.2966480916125857,1246,Kentucky,kentucky,1463,Yale,yale
2025,1251,1252,0.2731174608226272,1251,Liberty,liberty,1252,Lipscomb,lipscomb
2025,1251,1257,0.30889483186465694,1251,Liberty,liberty,1257,Louisville,louisville
2025,1251,1266,0.407839822358286,1251,Liberty,liberty,1266,Marquette,marquette
2025,1251,1268,0.443451675834472,1251,Liberty,liberty,1268,Maryland,maryland
2025,1251,1270,0.2501334913078108,1251,Liberty,liberty,1270,McNeese St,mcneese
2025,1251,1272,0.34638107387812855,1251,Liberty,liberty,1272,Memphis,memphis
2025,1251,1276,0.7749050675599505,1251,Liberty,liberty,1276,Michigan,michigan
2025,1251,1277,0.3612701525541962,1251,Liberty,liberty,1277,Michigan St,michigan-st
2025,1251,1279,0.831036542871662,1251,Liberty,liberty,1279,Mississippi,ole-miss
2025,1251,1280,0.721238322464149,1251,Liberty,liberty,1280,Mississippi St,mississippi-st
2025,1251,1281,0.3640418269903394,1251,Liberty,liberty,1281,Missouri,missouri
2025,1251,1285,0.4904787501161673,1251,Liberty,liberty,1285,Montana,montana
2025,1251,1291,0.46731420774109145,1251,Liberty,liberty,1291,Mt St Mary's,mt-st-marys
2025,1251,1307,0.4234296469797682,1251,Liberty,liberty,1307,New Mexico,new-mexico
2025,1251,1313,0.447337109331057,1251,Liberty,liberty,1313,Norfolk St,norfolk-st
2025,1251,1314,0.3385694760448289,1251,Liberty,liberty,1314,North Carolina,north-carolina
2025,1251,1328,0.8389120079040441,1251,Liberty,liberty,1328,Oklahoma,oklahoma
2025,1251,1332,0.458392824396935,1251,Liberty,liberty,1332,Oregon,oregon
2025,1251,1345,0.5428855848911868,1251,Liberty,liberty,1345,Purdue,purdue
2025,1251,1352,0.3416944042910627,1251,Liberty,liberty,1352,Robert Morris,robert-morris
2025,1251,1361,0.42017672322838295,1251,Liberty,liberty,1361,San Diego St,san-diego-st
2025,1251,1384,0.5946754039135779,1251,Liberty,liberty,1384,St Francis PA,st-francis-pa
2025,1251,1385,0.43293840956970286,1251,Liberty,liberty,1385,St John's,st-johns-ny
2025,1251,1388,0.2669809771243848,1251,Liberty,liberty,1388,St Mary's CA,st-marys-ca
2025,1251,1397,0.5439850481114251,1251,Liberty,liberty,1397,Tennessee,tennessee
2025,1251,1400,0.8206923787846043,1251,Liberty,liberty,1400,Texas,texas
2025,1251,1401,0.8118635613046119,1251,Liberty,liberty,1401,Texas A&M,texas-am
2025,1251,1403,0.4098813168416266,1251,Liberty,liberty,1403,Texas Tech,texas-tech
2025,1251,1407,0.3527014113464417,1251,Liberty,liberty,1407,Troy,troy
2025,1251,1417,0.5014618359067349,1251,Liberty,liberty,1417,UCLA,ucla
2025,1251,1429,0.425425689242657,1251,Liberty,liberty,1429,Utah St,utah-st
2025,1251,1433,0.1648029709272919,1251,Liberty,liberty,1433,VCU,vcu
2025,1251,1435,0.7577454645888461,1251,Liberty,liberty,1435,Vanderbilt,vanderbilt
2025,1251,1458,0.36486498274513346,1251,Liberty,liberty,1458,Wisconsin,wisconsin
2025,1251,1459,0.2938648025309376,1251,Liberty,liberty,1459,Wofford,wofford
2025,1251,1462,0.3830577690781476,1251,Liberty,liberty,1462,Xavier,xavier
2025,1251,1463,0.3549546808335179,1251,Liberty,liberty,1463,Yale,yale
2025,1252,1257,0.5436210466770864,1252,Lipscomb,lipscomb,1257,Louisville,louisville
2025,1252,1266,0.7144884081495525,1252,Lipscomb,lipscomb,1266,Marquette,marquette
2025,1252,1268,0.681853035118424,1252,Lipscomb,lipscomb,1268,Maryland,maryland
2025,1252,1270,0.47297551327468623,1252,Lipscomb,lipscomb,1270,McNeese St,mcneese
2025,1252,1272,0.6614121978958545,1252,Lipscomb,lipscomb,1272,Memphis,memphis
2025,1252,1276,0.9185208549492694,1252,Lipscomb,lipscomb,1276,Michigan,michigan
2025,1252,1277,0.704606467937645,1252,Lipscomb,lipscomb,1277,Michigan St,michigan-st
2025,1252,1279,0.9513187999656572,1252,Lipscomb,lipscomb,1279,Mississippi,ole-miss
2025,1252,1280,0.8827987314077501,1252,Lipscomb,lipscomb,1280,Mississippi St,mississippi-st
2025,1252,1281,0.6355606432206126,1252,Lipscomb,lipscomb,1281,Missouri,missouri
2025,1252,1285,0.6786368795949538,1252,Lipscomb,lipscomb,1285,Montana,montana
2025,1252,1291,0.7342736804878116,1252,Lipscomb,lipscomb,1291,Mt St Mary's,mt-st-marys
2025,1252,1307,0.7184894368909123,1252,Lipscomb,lipscomb,1307,New Mexico,new-mexico
2025,1252,1313,0.7174067246156324,1252,Lipscomb,lipscomb,1313,Norfolk St,norfolk-st
2025,1252,1314,0.6107963613275033,1252,Lipscomb,lipscomb,1314,North Carolina,north-carolina
2025,1252,1328,0.9484542041753949,1252,Lipscomb,lipscomb,1328,Oklahoma,oklahoma
2025,1252,1332,0.7788858352096031,1252,Lipscomb,lipscomb,1332,Oregon,oregon
2025,1252,1345,0.8197130089762434,1252,Lipscomb,lipscomb,1345,Purdue,purdue
2025,1252,1352,0.5826888816640308,1252,Lipscomb,lipscomb,1352,Robert Morris,robert-morris
2025,1252,1361,0.715957120703258,1252,Lipscomb,lipscomb,1361,San Diego St,san-diego-st
2025,1252,1384,0.847872357539251,1252,Lipscomb,lipscomb,1384,St Francis PA,st-francis-pa
2025,1252,1385,0.7567784504262967,1252,Lipscomb,lipscomb,1385,St John's,st-johns-ny
2025,1252,1388,0.596670073093565,1252,Lipscomb,lipscomb,1388,St Mary's CA,st-marys-ca
2025,1252,1397,0.7635498283596538,1252,Lipscomb,lipscomb,1397,Tennessee,tennessee
2025,1252,1400,0.9356548248478103,1252,Lipscomb,lipscomb,1400,Texas,texas
2025,1252,1401,0.9384695541306826,1252,Lipscomb,lipscomb,1401,Texas A&M,texas-am
2025,1252,1403,0.7359748588034293,1252,Lipscomb,lipscomb,1403,Texas Tech,texas-tech
2025,1252,1407,0.7278096794715803,1252,Lipscomb,lipscomb,1407,Troy,troy
2025,1252,1417,0.7976152618000902,1252,Lipscomb,lipscomb,1417,UCLA,ucla
2025,1252,1429,0.7709216479762178,1252,Lipscomb,lipscomb,1429,Utah St,utah-st
2025,1252,1433,0.3673270639289251,1252,Lipscomb,lipscomb,1433,VCU,vcu
2025,1252,1435,0.9054990998015157,1252,Lipscomb,lipscomb,1435,Vanderbilt,vanderbilt
2025,1252,1458,0.6487113440738691,1252,Lipscomb,lipscomb,1458,Wisconsin,wisconsin
2025,1252,1459,0.6367874614921187,1252,Lipscomb,lipscomb,1459,Wofford,wofford
2025,1252,1462,0.69320270733255,1252,Lipscomb,lipscomb,1462,Xavier,xavier
2025,1252,1463,0.6111075239035282,1252,Lipscomb,lipscomb,1463,Yale,yale
2025,1257,1266,0.7087593153486834,1257,Louisville,louisville,1266,Marquette,marquette
2025,1257,1268,0.7000871849248202,1257,Louisville,louisville,1268,Maryland,maryland
2025,1257,1270,0.4810406996467685,1257,Louisville,louisville,1270,McNeese St,mcneese
2025,1257,1272,0.640192653504847,1257,Louisville,louisville,1272,Memphis,memphis
2025,1257,1276,0.9152986850052507,1257,Louisville,louisville,1276,Michigan,michigan
2025,1257,1277,0.6880090348014322,1257,Louisville,louisville,1277,Michigan St,michigan-st
2025,1257,1279,0.9477112401905743,1257,Louisville,louisville,1279,Mississippi,ole-miss
2025,1257,1280,0.862556439204641,1257,Louisville,louisville,1280,Mississippi St,mississippi-st
2025,1257,1281,0.644819872307919,1257,Louisville,louisville,1281,Missouri,missouri
2025,1257,1285,0.6906079602183237,1257,Louisville,louisville,1285,Montana,montana
2025,1257,1291,0.7184965520874305,1257,Louisville,louisville,1291,Mt St Mary's,mt-st-marys
2025,1257,1307,0.6837469414458791,1257,Louisville,louisville,1307,New Mexico,new-mexico
2025,1257,1313,0.7278341445623069,1257,Louisville,louisville,1313,Norfolk St,norfolk-st
2025,1257,1314,0.5972407652765177,1257,Louisville,louisville,1314,North Carolina,north-carolina
2025,1257,1328,0.9355635797611487,1257,Louisville,louisville,1328,Oklahoma,oklahoma
2025,1257,1332,0.759288482117948,1257,Louisville,louisville,1332,Oregon,oregon
2025,1257,1345,0.7891464905708636,1257,Louisville,louisville,1345,Purdue,purdue
2025,1257,1352,0.5712712782192729,1257,Louisville,louisville,1352,Robert Morris,robert-morris
2025,1257,1361,0.730383389229239,1257,Louisville,louisville,1361,San Diego St,san-diego-st
2025,1257,1384,0.836855654341608,1257,Louisville,louisville,1384,St Francis PA,st-francis-pa
2025,1257,1385,0.7271524178455379,1257,Louisville,louisville,1385,St John's,st-johns-ny
2025,1257,1388,0.6041916868428945,1257,Louisville,louisville,1388,St Mary's CA,st-marys-ca
2025,1257,1397,0.7741710044489332,1257,Louisville,louisville,1397,Tennessee,tennessee
2025,1257,1400,0.9333102858370831,1257,Louisville,louisville,1400,Texas,texas
2025,1257,1401,0.9239057748402122,1257,Louisville,louisville,1401,Texas A&M,texas-am
2025,1257,1403,0.7060844524796355,1257,Louisville,louisville,1403,Texas Tech,texas-tech
2025,1257,1407,0.727164385780919,1257,Louisville,louisville,1407,Troy,troy
2025,1257,1417,0.7989552143027987,1257,Louisville,louisville,1417,UCLA,ucla
2025,1257,1429,0.757543556365556,1257,Louisville,louisville,1429,Utah St,utah-st
2025,1257,1433,0.34905566333005755,1257,Louisville,louisville,1433,VCU,vcu
2025,1257,1435,0.8895739532617992,1257,Louisville,louisville,1435,Vanderbilt,vanderbilt
2025,1257,1458,0.6454382853594052,1257,Louisville,louisville,1458,Wisconsin,wisconsin
2025,1257,1459,0.6159797859714077,1257,Louisville,louisville,1459,Wofford,wofford
2025,1257,1462,0.6954949074843025,1257,Louisville,louisville,1462,Xavier,xavier
2025,1257,1463,0.6290067958290995,1257,Louisville,louisville,1463,Yale,yale
2025,1266,1268,0.46227129852212234,1266,Marquette,marquette,1268,Maryland,maryland
2025,1266,1270,0.2576081773451206,1266,Marquette,marquette,1270,McNeese St,mcneese
2025,1266,1272,0.4701472913787756,1266,Marquette,marquette,1272,Memphis,memphis
2025,1266,1276,0.8221958279804642,1266,Marquette,marquette,1276,Michigan,michigan
2025,1266,1277,0.4998987350732984,1266,Marquette,marquette,1277,Michigan St,michigan-st
2025,1266,1279,0.8268018808676807,1266,Marquette,marquette,1279,Mississippi,ole-miss
2025,1266,1280,0.7677785234242986,1266,Marquette,marquette,1280,Mississippi St,mississippi-st
2025,1266,1281,0.47605899209909297,1266,Marquette,marquette,1281,Missouri,missouri
2025,1266,1285,0.5414388190991858,1266,Marquette,marquette,1285,Montana,montana
2025,1266,1291,0.5768366112945883,1266,Marquette,marquette,1291,Mt St Mary's,mt-st-marys
2025,1266,1307,0.42932752051662715,1266,Marquette,marquette,1307,New Mexico,new-mexico
2025,1266,1313,0.5556911514932064,1266,Marquette,marquette,1313,Norfolk St,norfolk-st
2025,1266,1314,0.44556606663535064,1266,Marquette,marquette,1314,North Carolina,north-carolina
2025,1266,1328,0.8966948870359643,1266,Marquette,marquette,1328,Oklahoma,oklahoma
2025,1266,1332,0.47390132064606855,1266,Marquette,marquette,1332,Oregon,oregon
2025,1266,1345,0.6868204326160721,1266,Marquette,marquette,1345,Purdue,purdue
2025,1266,1352,0.3596394436065289,1266,Marquette,marquette,1352,Robert Morris,robert-morris
2025,1266,1361,0.5264172505815256,1266,Marquette,marquette,1361,San Diego St,san-diego-st
2025,1266,1384,0.7124218996070844,1266,Marquette,marquette,1384,St Francis PA,st-francis-pa
2025,1266,1385,0.4349011775167786,1266,Marquette,marquette,1385,St John's,st-johns-ny
2025,1266,1388,0.34483784756379693,1266,Marquette,marquette,1388,St Mary's CA,st-marys-ca
2025,1266,1397,0.5785794569597353,1266,Marquette,marquette,1397,Tennessee,tennessee
2025,1266,1400,0.8271212791084221,1266,Marquette,marquette,1400,Texas,texas
2025,1266,1401,0.8611918216162258,1266,Marquette,marquette,1401,Texas A&M,texas-am
2025,1266,1403,0.5297654022302866,1266,Marquette,marquette,1403,Texas Tech,texas-tech
2025,1266,1407,0.464010099401654,1266,Marquette,marquette,1407,Troy,troy
2025,1266,1417,0.5835373918242551,1266,Marquette,marquette,1417,UCLA,ucla
2025,1266,1429,0.5895368005282186,1266,Marquette,marquette,1429,Utah St,utah-st
2025,1266,1433,0.20686362171166273,1266,Marquette,marquette,1433,VCU,vcu
2025,1266,1435,0.8033557678024013,1266,Marquette,marquette,1435,Vanderbilt,vanderbilt
2025,1266,1458,0.4462416836454671,1266,Marquette,marquette,1458,Wisconsin,wisconsin
2025,1266,1459,0.43325389115410484,1266,Marquette,marquette,1459,Wofford,wofford
2025,1266,1462,0.49472893303328624,1266,Marquette,marquette,1462,Xavier,xavier
2025,1266,1463,0.3763650986339492,1266,Marquette,marquette,1463,Yale,yale
2025,1268,1270,0.2786307755845825,1268,Maryland,maryland,1270,McNeese St,mcneese
2025,1268,1272,0.4629528131990185,1268,Maryland,maryland,1272,Memphis,memphis
2025,1268,1276,0.8226661463023979,1268,Maryland,maryland,1276,Michigan,michigan
2025,1268,1277,0.5044200241291515,1268,Maryland,maryland,1277,Michigan St,michigan-st
2025,1268,1279,0.8050015001860498,1268,Maryland,maryland,1279,Mississippi,ole-miss
2025,1268,1280,0.7290017823063695,1268,Maryland,maryland,1280,Mississippi St,mississippi-st
2025,1268,1281,0.4822414050274544,1268,Maryland,maryland,1281,Missouri,missouri
2025,1268,1285,0.531491312610506,1268,Maryland,maryland,1285,Montana,montana
2025,1268,1291,0.5636499584110217,1268,Maryland,maryland,1291,Mt St Mary's,mt-st-marys
2025,1268,1307,0.44548325892462237,1268,Maryland,maryland,1307,New Mexico,new-mexico
2025,1268,1313,0.5445775912769648,1268,Maryland,maryland,1313,Norfolk St,norfolk-st
2025,1268,1314,0.44303565303432285,1268,Maryland,maryland,1314,North Carolina,north-carolina
2025,1268,1328,0.8708988215448479,1268,Maryland,maryland,1328,Oklahoma,oklahoma
2025,1268,1332,0.507525866136996,1268,Maryland,maryland,1332,Oregon,oregon
2025,1268,1345,0.6765413360436726,1268,Maryland,maryland,1345,Purdue,purdue
2025,1268,1352,0.35526871919952796,1268,Maryland,maryland,1352,Robert Morris,robert-morris
2025,1268,1361,0.5319238436617292,1268,Maryland,maryland,1361,San Diego St,san-diego-st
2025,1268,1384,0.7125322605135731,1268,Maryland,maryland,1384,St Francis PA,st-francis-pa
2025,1268,1385,0.4810654431237432,1268,Maryland,maryland,1385,St John's,st-johns-ny
2025,1268,1388,0.3438415084658798,1268,Maryland,maryland,1388,St Mary's CA,st-marys-ca
2025,1268,1397,0.592100546193688,1268,Maryland,maryland,1397,Tennessee,tennessee
2025,1268,1400,0.8253436704628797,1268,Maryland,maryland,1400,Texas,texas
2025,1268,1401,0.8428224516463647,1268,Maryland,maryland,1401,Texas A&M,texas-am
2025,1268,1403,0.5171679309472014,1268,Maryland,maryland,1403,Texas Tech,texas-tech
2025,1268,1407,0.4635901606941302,1268,Maryland,maryland,1407,Troy,troy
2025,1268,1417,0.5882401461377655,1268,Maryland,maryland,1417,UCLA,ucla
2025,1268,1429,0.5832922084609724,1268,Maryland,maryland,1429,Utah St,utah-st
2025,1268,1433,0.20075086899360028,1268,Maryland,maryland,1433,VCU,vcu
2025,1268,1435,0.7707427037267984,1268,Maryland,maryland,1435,Vanderbilt,vanderbilt
2025,1268,1458,0.43658544643192565,1268,Maryland,maryland,1458,Wisconsin,wisconsin
2025,1268,1459,0.4250685128864893,1268,Maryland,maryland,1459,Wofford,wofford
2025,1268,1462,0.49120840688791384,1268,Maryland,maryland,1462,Xavier,xavier
2025,1268,1463,0.397230280616022,1268,Maryland,maryland,1463,Yale,yale
2025,1270,1272,0.634134460816129,1270,McNeese St,mcneese,1272,Memphis,memphis
2025,1270,1276,0.9372836948861784,1270,McNeese St,mcneese,1276,Michigan,michigan
2025,1270,1277,0.7044394919057533,1270,McNeese St,mcneese,1277,Michigan St,michigan-st
2025,1270,1279,0.9718926375148412,1270,McNeese St,mcneese,1279,Mississippi,ole-miss
2025,1270,1280,0.9411963947164412,1270,McNeese St,mcneese,1280,Mississippi St,mississippi-st
2025,1270,1281,0.6877259124741676,1270,McNeese St,mcneese,1281,Missouri,missouri
2025,1270,1285,0.7638007800237893,1270,McNeese St,mcneese,1285,Montana,montana
2025,1270,1291,0.7989742056380383,1270,McNeese St,mcneese,1291,Mt St Mary's,mt-st-marys
2025,1270,1307,0.7171175284103518,1270,McNeese St,mcneese,1307,New Mexico,new-mexico
2025,1270,1313,0.7349481819727263,1270,McNeese St,mcneese,1313,Norfolk St,norfolk-st
2025,1270,1314,0.6826132313554284,1270,McNeese St,mcneese,1314,North Carolina,north-carolina
2025,1270,1328,0.9878145928162233,1270,McNeese St,mcneese,1328,Oklahoma,oklahoma
2025,1270,1332,0.7576895163377575,1270,McNeese St,mcneese,1332,Oregon,oregon
2025,1270,1345,0.8592959644424911,1270,McNeese St,mcneese,1345,Purdue,purdue
2025,1270,1352,0.6168171351405347,1270,McNeese St,mcneese,1352,Robert Morris,robert-morris
2025,1270,1361,0.7195336998649302,1270,McNeese St,mcneese,1361,San Diego St,san-diego-st
2025,1270,1384,0.8527512626983751,1270,McNeese St,mcneese,1384,St Francis PA,st-francis-pa
2025,1270,1385,0.714422150067199,1270,McNeese St,mcneese,1385,St John's,st-johns-ny
2025,1270,1388,0.5319910460667021,1270,McNeese St,mcneese,1388,St Mary's CA,st-marys-ca
2025,1270,1397,0.7680018684481684,1270,McNeese St,mcneese,1397,Tennessee,tennessee
2025,1270,1400,0.9708701605248069,1270,McNeese St,mcneese,1400,Texas,texas
2025,1270,1401,0.9764763528077927,1270,McNeese St,mcneese,1401,Texas A&M,texas-am
2025,1270,1403,0.7575481190844882,1270,McNeese St,mcneese,1403,Texas Tech,texas-tech
2025,1270,1407,0.6281907872607219,1270,McNeese St,mcneese,1407,Troy,troy
2025,1270,1417,0.729144992300109,1270,McNeese St,mcneese,1417,UCLA,ucla
2025,1270,1429,0.7667244820930854,1270,McNeese St,mcneese,1429,Utah St,utah-st
2025,1270,1433,0.424508937664272,1270,McNeese St,mcneese,1433,VCU,vcu
2025,1270,1435,0.9634896420270045,1270,McNeese St,mcneese,1435,Vanderbilt,vanderbilt
2025,1270,1458,0.6714999934946791,1270,McNeese St,mcneese,1458,Wisconsin,wisconsin
2025,1270,1459,0.6107436600573926,1270,McNeese St,mcneese,1459,Wofford,wofford
2025,1270,1462,0.7072766561496582,1270,McNeese St,mcneese,1462,Xavier,xavier
2025,1270,1463,0.6110340830688223,1270,McNeese St,mcneese,1463,Yale,yale
2025,1272,1276,0.8305308747638407,1272,Memphis,memphis,1276,Michigan,michigan
2025,1272,1277,0.5893170491059756,1272,Memphis,memphis,1277,Michigan St,michigan-st
2025,1272,1279,0.8577324823666901,1272,Memphis,memphis,1279,Mississippi,ole-miss
2025,1272,1280,0.8117008870992474,1272,Memphis,memphis,1280,Mississippi St,mississippi-st
2025,1272,1281,0.5565095273872006,1272,Memphis,memphis,1281,Missouri,missouri
2025,1272,1285,0.611009832013791,1272,Memphis,memphis,1285,Montana,montana
2025,1272,1291,0.6604168976653109,1272,Memphis,memphis,1291,Mt St Mary's,mt-st-marys
2025,1272,1307,0.568784597540457,1272,Memphis,memphis,1307,New Mexico,new-mexico
2025,1272,1313,0.6039791809094385,1272,Memphis,memphis,1313,Norfolk St,norfolk-st
2025,1272,1314,0.5665963264068415,1272,Memphis,memphis,1314,North Carolina,north-carolina
2025,1272,1328,0.8996084000296666,1272,Memphis,memphis,1328,Oklahoma,oklahoma
2025,1272,1332,0.6045005021557437,1272,Memphis,memphis,1332,Oregon,oregon
2025,1272,1345,0.6892284244439433,1272,Memphis,memphis,1345,Purdue,purdue
2025,1272,1352,0.4241055554055757,1272,Memphis,memphis,1352,Robert Morris,robert-morris
2025,1272,1361,0.5788619963102103,1272,Memphis,memphis,1361,San Diego St,san-diego-st
2025,1272,1384,0.7389787871932441,1272,Memphis,memphis,1384,St Francis PA,st-francis-pa
2025,1272,1385,0.5981908570990884,1272,Memphis,memphis,1385,St John's,st-johns-ny
2025,1272,1388,0.44046034504125264,1272,Memphis,memphis,1388,St Mary's CA,st-marys-ca
2025,1272,1397,0.5985650449480089,1272,Memphis,memphis,1397,Tennessee,tennessee
2025,1272,1400,0.868982273481597,1272,Memphis,memphis,1400,Texas,texas
2025,1272,1401,0.8793533187260881,1272,Memphis,memphis,1401,Texas A&M,texas-am
2025,1272,1403,0.5700768749358357,1272,Memphis,memphis,1403,Texas Tech,texas-tech
2025,1272,1407,0.5590549807992184,1272,Memphis,memphis,1407,Troy,troy
2025,1272,1417,0.6502561331240164,1272,Memphis,memphis,1417,UCLA,ucla
2025,1272,1429,0.6466699896608842,1272,Memphis,memphis,1429,Utah St,utah-st
2025,1272,1433,0.30219306463114537,1272,Memphis,memphis,1433,VCU,vcu
2025,1272,1435,0.8461613163614492,1272,Memphis,memphis,1435,Vanderbilt,vanderbilt
2025,1272,1458,0.5061381590200599,1272,Memphis,memphis,1458,Wisconsin,wisconsin
2025,1272,1459,0.5157785184648999,1272,Memphis,memphis,1459,Wofford,wofford
2025,1272,1462,0.5575541344769332,1272,Memphis,memphis,1462,Xavier,xavier
2025,1272,1463,0.47353219704036975,1272,Memphis,memphis,1463,Yale,yale
2025,1276,1277,0.2190740168477336,1276,Michigan,michigan,1277,Michigan St,michigan-st
2025,1276,1279,0.5927619067755844,1276,Michigan,michigan,1279,Mississippi,ole-miss
2025,1276,1280,0.49661491010933856,1276,Michigan,michigan,1280,Mississippi St,mississippi-st
2025,1276,1281,0.17165319674430257,1276,Michigan,michigan,1281,Missouri,missouri
2025,1276,1285,0.24578786415716292,1276,Michigan,michigan,1285,Montana,montana
2025,1276,1291,0.26641913655461147,1276,Michigan,michigan,1291,Mt St Mary's,mt-st-marys
2025,1276,1307,0.24331098190300487,1276,Michigan,michigan,1307,New Mexico,new-mexico
2025,1276,1313,0.28889713315853705,1276,Michigan,michigan,1313,Norfolk St,norfolk-st
2025,1276,1314,0.17533380115768582,1276,Michigan,michigan,1314,North Carolina,north-carolina
2025,1276,1328,0.6612376090267925,1276,Michigan,michigan,1328,Oklahoma,oklahoma
2025,1276,1332,0.2411825658619206,1276,Michigan,michigan,1332,Oregon,oregon
2025,1276,1345,0.3503509006935148,1276,Michigan,michigan,1345,Purdue,purdue
2025,1276,1352,0.13622838239449825,1276,Michigan,michigan,1352,Robert Morris,robert-morris
2025,1276,1361,0.2305390946242707,1276,Michigan,michigan,1361,San Diego St,san-diego-st
2025,1276,1384,0.40737671319076246,1276,Michigan,michigan,1384,St Francis PA,st-francis-pa
2025,1276,1385,0.24237081658723425,1276,Michigan,michigan,1385,St John's,st-johns-ny
2025,1276,1388,0.1636441469983576,1276,Michigan,michigan,1388,St Mary's CA,st-marys-ca
2025,1276,1397,0.27693026768591034,1276,Michigan,michigan,1397,Tennessee,tennessee
2025,1276,1400,0.5983314319719973,1276,Michigan,michigan,1400,Texas,texas
2025,1276,1401,0.6110495505087823,1276,Michigan,michigan,1401,Texas A&M,texas-am
2025,1276,1403,0.2244115474781171,1276,Michigan,michigan,1403,Texas Tech,texas-tech
2025,1276,1407,0.23305787074771883,1276,Michigan,michigan,1407,Troy,troy
2025,1276,1417,0.3256978624358975,1276,Michigan,michigan,1417,UCLA,ucla
2025,1276,1429,0.2705025745593626,1276,Michigan,michigan,1429,Utah St,utah-st
2025,1276,1433,0.061381321580870674,1276,Michigan,michigan,1433,VCU,vcu
2025,1276,1435,0.522146466230307,1276,Michigan,michigan,1435,Vanderbilt,vanderbilt
2025,1276,1458,0.18879130297348845,1276,Michigan,michigan,1458,Wisconsin,wisconsin
2025,1276,1459,0.20937378162444226,1276,Michigan,michigan,1459,Wofford,wofford
2025,1276,1462,0.18372582393356734,1276,Michigan,michigan,1462,Xavier,xavier
2025,1276,1463,0.16613597859015888,1276,Michigan,michigan,1463,Yale,yale
2025,1277,1279,0.8424216948642579,1277,Michigan St,michigan-st,1279,Mississippi,ole-miss
2025,1277,1280,0.8065144692530035,1277,Michigan St,michigan-st,1280,Mississippi St,mississippi-st
2025,1277,1281,0.48018617136189423,1277,Michigan St,michigan-st,1281,Missouri,missouri
2025,1277,1285,0.5608655953978944,1277,Michigan St,michigan-st,1285,Montana,montana
2025,1277,1291,0.5737089554124657,1277,Michigan St,michigan-st,1291,Mt St Mary's,mt-st-marys
2025,1277,1307,0.4855150188541764,1277,Michigan St,michigan-st,1307,New Mexico,new-mexico
2025,1277,1313,0.5547619302383151,1277,Michigan St,michigan-st,1313,Norfolk St,norfolk-st
2025,1277,1314,0.4837306092151279,1277,Michigan St,michigan-st,1314,North Carolina,north-carolina
2025,1277,1328,0.9160835067793147,1277,Michigan St,michigan-st,1328,Oklahoma,oklahoma
2025,1277,1332,0.5009284881158907,1277,Michigan St,michigan-st,1332,Oregon,oregon
2025,1277,1345,0.6239538670001293,1277,Michigan St,michigan-st,1345,Purdue,purdue
2025,1277,1352,0.352309955880005,1277,Michigan St,michigan-st,1352,Robert Morris,robert-morris
2025,1277,1361,0.4837685482604095,1277,Michigan St,michigan-st,1361,San Diego St,san-diego-st
2025,1277,1384,0.6884002676599851,1277,Michigan St,michigan-st,1384,St Francis PA,st-francis-pa
2025,1277,1385,0.5104603129597582,1277,Michigan St,michigan-st,1385,St John's,st-johns-ny
2025,1277,1388,0.34366512518918835,1277,Michigan St,michigan-st,1388,St Mary's CA,st-marys-ca
2025,1277,1397,0.5354572855600959,1277,Michigan St,michigan-st,1397,Tennessee,tennessee
2025,1277,1400,0.8669148906103976,1277,Michigan St,michigan-st,1400,Texas,texas
2025,1277,1401,0.8840574037430988,1277,Michigan St,michigan-st,1401,Texas A&M,texas-am
2025,1277,1403,0.5134742063115602,1277,Michigan St,michigan-st,1403,Texas Tech,texas-tech
2025,1277,1407,0.44755321043294427,1277,Michigan St,michigan-st,1407,Troy,troy
2025,1277,1417,0.5756795206769953,1277,Michigan St,michigan-st,1417,UCLA,ucla
2025,1277,1429,0.5741916162980762,1277,Michigan St,michigan-st,1429,Utah St,utah-st
2025,1277,1433,0.22864046873063887,1277,Michigan St,michigan-st,1433,VCU,vcu
2025,1277,1435,0.8584002147192904,1277,Michigan St,michigan-st,1435,Vanderbilt,vanderbilt
2025,1277,1458,0.43568615738424965,1277,Michigan St,michigan-st,1458,Wisconsin,wisconsin
2025,1277,1459,0.41119433565038205,1277,Michigan St,michigan-st,1459,Wofford,wofford
2025,1277,1462,0.4548255929814249,1277,Michigan St,michigan-st,1462,Xavier,xavier
2025,1277,1463,0.4040219154067407,1277,Michigan St,michigan-st,1463,Yale,yale
2025,1279,1280,0.3705374443920285,1279,Mississippi,ole-miss,1280,Mississippi St,mississippi-st
2025,1279,1281,0.1283402988666713,1279,Mississippi,ole-miss,1281,Missouri,missouri
2025,1279,1285,0.21207355279677575,1279,Mississippi,ole-miss,1285,Montana,montana
2025,1279,1291,0.2137738948637003,1279,Mississippi,ole-miss,1291,Mt St Mary's,mt-st-marys
2025,1279,1307,0.16067928420094307,1279,Mississippi,ole-miss,1307,New Mexico,new-mexico
2025,1279,1313,0.26123548457662904,1279,Mississippi,ole-miss,1313,Norfolk St,norfolk-st
2025,1279,1314,0.10258644786165322,1279,Mississippi,ole-miss,1314,North Carolina,north-carolina
2025,1279,1328,0.5783700778609981,1279,Mississippi,ole-miss,1328,Oklahoma,oklahoma
2025,1279,1332,0.15610042750974468,1279,Mississippi,ole-miss,1332,Oregon,oregon
2025,1279,1345,0.2687301064334695,1279,Mississippi,ole-miss,1345,Purdue,purdue
2025,1279,1352,0.11065089907012954,1279,Mississippi,ole-miss,1352,Robert Morris,robert-morris
2025,1279,1361,0.15940835444493667,1279,Mississippi,ole-miss,1361,San Diego St,san-diego-st
2025,1279,1384,0.31828586845740975,1279,Mississippi,ole-miss,1384,St Francis PA,st-francis-pa
2025,1279,1385,0.14427421528448364,1279,Mississippi,ole-miss,1385,St John's,st-johns-ny
2025,1279,1388,0.10485893114856054,1279,Mississippi,ole-miss,1388,St Mary's CA,st-marys-ca
2025,1279,1397,0.2500330892556465,1279,Mississippi,ole-miss,1397,Tennessee,tennessee
2025,1279,1400,0.5572674853518387,1279,Mississippi,ole-miss,1400,Texas,texas
2025,1279,1401,0.5225715852710664,1279,Mississippi,ole-miss,1401,Texas A&M,texas-am
2025,1279,1403,0.17628881381804312,1279,Mississippi,ole-miss,1403,Texas Tech,texas-tech
2025,1279,1407,0.13234205906271607,1279,Mississippi,ole-miss,1407,Troy,troy
2025,1279,1417,0.22986205883617722,1279,Mississippi,ole-miss,1417,UCLA,ucla
2025,1279,1429,0.22412979714081271,1279,Mississippi,ole-miss,1429,Utah St,utah-st
2025,1279,1433,0.04026580398382146,1279,Mississippi,ole-miss,1433,VCU,vcu
2025,1279,1435,0.45670539785230924,1279,Mississippi,ole-miss,1435,Vanderbilt,vanderbilt
2025,1279,1458,0.1598674265335357,1279,Mississippi,ole-miss,1458,Wisconsin,wisconsin
2025,1279,1459,0.11739020937025635,1279,Mississippi,ole-miss,1459,Wofford,wofford
2025,1279,1462,0.1414122508111751,1279,Mississippi,ole-miss,1462,Xavier,xavier
2025,1279,1463,0.113974681203039,1279,Mississippi,ole-miss,1463,Yale,yale
2025,1280,1281,0.22145199421523992,1280,Mississippi St,mississippi-st,1281,Missouri,missouri
2025,1280,1285,0.32283424464330696,1280,Mississippi St,mississippi-st,1285,Montana,montana
2025,1280,1291,0.31275110153277424,1280,Mississippi St,mississippi-st,1291,Mt St Mary's,mt-st-marys
2025,1280,1307,0.25398143299173614,1280,Mississippi St,mississippi-st,1307,New Mexico,new-mexico
2025,1280,1313,0.35385306007878536,1280,Mississippi St,mississippi-st,1313,Norfolk St,norfolk-st
2025,1280,1314,0.1752824648134969,1280,Mississippi St,mississippi-st,1314,North Carolina,north-carolina
2025,1280,1328,0.6755067172916132,1280,Mississippi St,mississippi-st,1328,Oklahoma,oklahoma
2025,1280,1332,0.2737836936172863,1280,Mississippi St,mississippi-st,1332,Oregon,oregon
2025,1280,1345,0.3544127685772085,1280,Mississippi St,mississippi-st,1345,Purdue,purdue
2025,1280,1352,0.1815247678027737,1280,Mississippi St,mississippi-st,1352,Robert Morris,robert-morris
2025,1280,1361,0.3002796787245378,1280,Mississippi St,mississippi-st,1361,San Diego St,san-diego-st
2025,1280,1384,0.411565575754047,1280,Mississippi St,mississippi-st,1384,St Francis PA,st-francis-pa
2025,1280,1385,0.23529766623733384,1280,Mississippi St,mississippi-st,1385,St John's,st-johns-ny
2025,1280,1388,0.19043788593347044,1280,Mississippi St,mississippi-st,1388,St Mary's CA,st-marys-ca
2025,1280,1397,0.3193639522017535,1280,Mississippi St,mississippi-st,1397,Tennessee,tennessee
2025,1280,1400,0.631846998881317,1280,Mississippi St,mississippi-st,1400,Texas,texas
2025,1280,1401,0.6197549679898422,1280,Mississippi St,mississippi-st,1401,Texas A&M,texas-am
2025,1280,1403,0.25246309413003254,1280,Mississippi St,mississippi-st,1403,Texas Tech,texas-tech
2025,1280,1407,0.24694672822637997,1280,Mississippi St,mississippi-st,1407,Troy,troy
2025,1280,1417,0.36429396368219424,1280,Mississippi St,mississippi-st,1417,UCLA,ucla
2025,1280,1429,0.29713432878258045,1280,Mississippi St,mississippi-st,1429,Utah St,utah-st
2025,1280,1433,0.07497473674590205,1280,Mississippi St,mississippi-st,1433,VCU,vcu
2025,1280,1435,0.5403024023254219,1280,Mississippi St,mississippi-st,1435,Vanderbilt,vanderbilt
2025,1280,1458,0.23086767709207917,1280,Mississippi St,mississippi-st,1458,Wisconsin,wisconsin
2025,1280,1459,0.22366024106109833,1280,Mississippi St,mississippi-st,1459,Wofford,wofford
2025,1280,1462,0.2727214311629725,1280,Mississippi St,mississippi-st,1462,Xavier,xavier
2025,1280,1463,0.20300681938633852,1280,Mississippi St,mississippi-st,1463,Yale,yale
2025,1281,1285,0.6023549960302688,1281,Missouri,missouri,1285,Montana,montana
2025,1281,1291,0.6344549543964502,1281,Missouri,missouri,1291,Mt St Mary's,mt-st-marys
2025,1281,1307,0.4951430025805661,1281,Missouri,missouri,1307,New Mexico,new-mexico
2025,1281,1313,0.6048032859559347,1281,Missouri,missouri,1313,Norfolk St,norfolk-st
2025,1281,1314,0.4955083791151039,1281,Missouri,missouri,1314,North Carolina,north-carolina
2025,1281,1328,0.9031103589223458,1281,Missouri,missouri,1328,Oklahoma,oklahoma
2025,1281,1332,0.5752858534644434,1281,Missouri,missouri,1332,Oregon,oregon
2025,1281,1345,0.7208923152350845,1281,Missouri,missouri,1345,Purdue,purdue
2025,1281,1352,0.4598307100532108,1281,Missouri,missouri,1352,Robert Morris,robert-morris
2025,1281,1361,0.6365564151875118,1281,Missouri,missouri,1361,San Diego St,san-diego-st
2025,1281,1384,0.7315674852312097,1281,Missouri,missouri,1384,St Francis PA,st-francis-pa
2025,1281,1385,0.5328732224060854,1281,Missouri,missouri,1385,St John's,st-johns-ny
2025,1281,1388,0.43295305810743784,1281,Missouri,missouri,1388,St Mary's CA,st-marys-ca
2025,1281,1397,0.6322401646703548,1281,Missouri,missouri,1397,Tennessee,tennessee
2025,1281,1400,0.8528975323026111,1281,Missouri,missouri,1400,Texas,texas
2025,1281,1401,0.8594036547652517,1281,Missouri,missouri,1401,Texas A&M,texas-am
2025,1281,1403,0.5961377636288856,1281,Missouri,missouri,1403,Texas Tech,texas-tech
2025,1281,1407,0.5278461855207235,1281,Missouri,missouri,1407,Troy,troy
2025,1281,1417,0.6288563593493042,1281,Missouri,missouri,1417,UCLA,ucla
2025,1281,1429,0.6349761857490923,1281,Missouri,missouri,1429,Utah St,utah-st
2025,1281,1433,0.2793009507397535,1281,Missouri,missouri,1433,VCU,vcu
2025,1281,1435,0.8115944702887377,1281,Missouri,missouri,1435,Vanderbilt,vanderbilt
2025,1281,1458,0.5385210839778819,1281,Missouri,missouri,1458,Wisconsin,wisconsin
2025,1281,1459,0.4774706075379697,1281,Missouri,missouri,1459,Wofford,wofford
2025,1281,1462,0.6141163246356224,1281,Missouri,missouri,1462,Xavier,xavier
2025,1281,1463,0.4665680254462409,1281,Missouri,missouri,1463,Yale,yale
2025,1285,1291,0.5392949508092922,1285,Montana,montana,1291,Mt St Mary's,mt-st-marys
2025,1285,1307,0.4243232059940988,1285,Montana,montana,1307,New Mexico,new-mexico
2025,1285,1313,0.4816608482002017,1285,Montana,montana,1313,Norfolk St,norfolk-st
2025,1285,1314,0.3825935386675796,1285,Montana,montana,1314,North Carolina,north-carolina
2025,1285,1328,0.8267827719048413,1285,Montana,montana,1328,Oklahoma,oklahoma
2025,1285,1332,0.5026155617897116,1285,Montana,montana,1332,Oregon,oregon
2025,1285,1345,0.5635902022583053,1285,Montana,montana,1345,Purdue,purdue
2025,1285,1352,0.3445463533534432,1285,Montana,montana,1352,Robert Morris,robert-morris
2025,1285,1361,0.4909197540297742,1285,Montana,montana,1361,San Diego St,san-diego-st
2025,1285,1384,0.6359822437096369,1285,Montana,montana,1384,St Francis PA,st-francis-pa
2025,1285,1385,0.45459836756287886,1285,Montana,montana,1385,St John's,st-johns-ny
2025,1285,1388,0.2996775758108912,1285,Montana,montana,1388,St Mary's CA,st-marys-ca
2025,1285,1397,0.5477284980816823,1285,Montana,montana,1397,Tennessee,tennessee
2025,1285,1400,0.8009546785341431,1285,Montana,montana,1400,Texas,texas
2025,1285,1401,0.784183281000703,1285,Montana,montana,1401,Texas A&M,texas-am
2025,1285,1403,0.4334015637448768,1285,Montana,montana,1403,Texas Tech,texas-tech
2025,1285,1407,0.39316198974965244,1285,Montana,montana,1407,Troy,troy
2025,1285,1417,0.5397023020757348,1285,Montana,montana,1417,UCLA,ucla
2025,1285,1429,0.495700603557316,1285,Montana,montana,1429,Utah St,utah-st
2025,1285,1433,0.17706894244756105,1285,Montana,montana,1433,VCU,vcu
2025,1285,1435,0.7378652047522641,1285,Montana,montana,1435,Vanderbilt,vanderbilt
2025,1285,1458,0.4020806203348105,1285,Montana,montana,1458,Wisconsin,wisconsin
2025,1285,1459,0.32556029652548335,1285,Montana,montana,1459,Wofford,wofford
2025,1285,1462,0.45982165587513585,1285,Montana,montana,1462,Xavier,xavier
2025,1285,1463,0.38212561987798677,1285,Montana,montana,1463,Yale,yale
2025,1291,1307,0.34798371568614184,1291,Mt St Mary's,mt-st-marys,1307,New Mexico,new-mexico
2025,1291,1313,0.412147842621156,1291,Mt St Mary's,mt-st-marys,1313,Norfolk St,norfolk-st
2025,1291,1314,0.4089968348373674,1291,Mt St Mary's,mt-st-marys,1314,North Carolina,north-carolina
2025,1291,1328,0.8570636282532877,1291,Mt St Mary's,mt-st-marys,1328,Oklahoma,oklahoma
2025,1291,1332,0.3719858256691891,1291,Mt St Mary's,mt-st-marys,1332,Oregon,oregon
2025,1291,1345,0.5712740261836067,1291,Mt St Mary's,mt-st-marys,1345,Purdue,purdue
2025,1291,1352,0.33537554719249807,1291,Mt St Mary's,mt-st-marys,1352,Robert Morris,robert-morris
2025,1291,1361,0.37685231427773913,1291,Mt St Mary's,mt-st-marys,1361,San Diego St,san-diego-st
2025,1291,1384,0.6323351441263676,1291,Mt St Mary's,mt-st-marys,1384,St Francis PA,st-francis-pa
2025,1291,1385,0.36863511453496306,1291,Mt St Mary's,mt-st-marys,1385,St John's,st-johns-ny
2025,1291,1388,0.2592190650367423,1291,Mt St Mary's,mt-st-marys,1388,St Mary's CA,st-marys-ca
2025,1291,1397,0.5237471835386399,1291,Mt St Mary's,mt-st-marys,1397,Tennessee,tennessee
2025,1291,1400,0.7855964803110095,1291,Mt St Mary's,mt-st-marys,1400,Texas,texas
2025,1291,1401,0.8073800131855097,1291,Mt St Mary's,mt-st-marys,1401,Texas A&M,texas-am
2025,1291,1403,0.3899616187517295,1291,Mt St Mary's,mt-st-marys,1403,Texas Tech,texas-tech
2025,1291,1407,0.34289663405099813,1291,Mt St Mary's,mt-st-marys,1407,Troy,troy
2025,1291,1417,0.46089008749708155,1291,Mt St Mary's,mt-st-marys,1417,UCLA,ucla
2025,1291,1429,0.43215052347937083,1291,Mt St Mary's,mt-st-marys,1429,Utah St,utah-st
2025,1291,1433,0.16254928744455305,1291,Mt St Mary's,mt-st-marys,1433,VCU,vcu
2025,1291,1435,0.7408069608383219,1291,Mt St Mary's,mt-st-marys,1435,Vanderbilt,vanderbilt
2025,1291,1458,0.34467701283315794,1291,Mt St Mary's,mt-st-marys,1458,Wisconsin,wisconsin
2025,1291,1459,0.28822819320062165,1291,Mt St Mary's,mt-st-marys,1459,Wofford,wofford
2025,1291,1462,0.37608244306523964,1291,Mt St Mary's,mt-st-marys,1462,Xavier,xavier
2025,1291,1463,0.3184491666478796,1291,Mt St Mary's,mt-st-marys,1463,Yale,yale
2025,1307,1313,0.5692516417036256,1307,New Mexico,new-mexico,1313,Norfolk St,norfolk-st
2025,1307,1314,0.369194021070317,1307,New Mexico,new-mexico,1314,North Carolina,north-carolina
2025,1307,1328,0.8734313661157149,1307,New Mexico,new-mexico,1328,Oklahoma,oklahoma
2025,1307,1332,0.5212890164668528,1307,New Mexico,new-mexico,1332,Oregon,oregon
2025,1307,1345,0.5817332712726804,1307,New Mexico,new-mexico,1345,Purdue,purdue
2025,1307,1352,0.3576288008195254,1307,New Mexico,new-mexico,1352,Robert Morris,robert-morris
2025,1307,1361,0.5074426243091978,1307,New Mexico,new-mexico,1361,San Diego St,san-diego-st
2025,1307,1384,0.626268102093698,1307,New Mexico,new-mexico,1384,St Francis PA,st-francis-pa
2025,1307,1385,0.47780372457159703,1307,New Mexico,new-mexico,1385,St John's,st-johns-ny
2025,1307,1388,0.37420305001831,1307,New Mexico,new-mexico,1388,St Mary's CA,st-marys-ca
2025,1307,1397,0.5214617615205254,1307,New Mexico,new-mexico,1397,Tennessee,tennessee
2025,1307,1400,0.8393430961887411,1307,New Mexico,new-mexico,1400,Texas,texas
2025,1307,1401,0.8250403443156453,1307,New Mexico,new-mexico,1401,Texas A&M,texas-am
2025,1307,1403,0.4840408693493188,1307,New Mexico,new-mexico,1403,Texas Tech,texas-tech
2025,1307,1407,0.4833601380916968,1307,New Mexico,new-mexico,1407,Troy,troy
2025,1307,1417,0.5878579723666797,1307,New Mexico,new-mexico,1417,UCLA,ucla
2025,1307,1429,0.54268793005769,1307,New Mexico,new-mexico,1429,Utah St,utah-st
2025,1307,1433,0.19708709944725777,1307,New Mexico,new-mexico,1433,VCU,vcu
2025,1307,1435,0.7928697546991728,1307,New Mexico,new-mexico,1435,Vanderbilt,vanderbilt
2025,1307,1458,0.4614639485747674,1307,New Mexico,new-mexico,1458,Wisconsin,wisconsin
2025,1307,1459,0.4255369797956644,1307,New Mexico,new-mexico,1459,Wofford,wofford
2025,1307,1462,0.4846806153343774,1307,New Mexico,new-mexico,1462,Xavier,xavier
2025,1307,1463,0.4070790037547609,1307,New Mexico,new-mexico,1463,Yale,yale
2025,1313,1314,0.4252593895277869,1313,Norfolk St,norfolk-st,1314,North Carolina,north-carolina
2025,1313,1328,0.8351239563289852,1313,Norfolk St,norfolk-st,1328,Oklahoma,oklahoma
2025,1313,1332,0.467696233424807,1313,Norfolk St,norfolk-st,1332,Oregon,oregon
2025,1313,1345,0.6184470498143464,1313,Norfolk St,norfolk-st,1345,Purdue,purdue
2025,1313,1352,0.31664309630956167,1313,Norfolk St,norfolk-st,1352,Robert Morris,robert-morris
2025,1313,1361,0.47673743311760836,1313,Norfolk St,norfolk-st,1361,San Diego St,san-diego-st
2025,1313,1384,0.665360431330934,1313,Norfolk St,norfolk-st,1384,St Francis PA,st-francis-pa
2025,1313,1385,0.4414131426390018,1313,Norfolk St,norfolk-st,1385,St John's,st-johns-ny
2025,1313,1388,0.3311967363981722,1313,Norfolk St,norfolk-st,1388,St Mary's CA,st-marys-ca
2025,1313,1397,0.5018641307180169,1313,Norfolk St,norfolk-st,1397,Tennessee,tennessee
2025,1313,1400,0.7898394812981973,1313,Norfolk St,norfolk-st,1400,Texas,texas
2025,1313,1401,0.7974108393178629,1313,Norfolk St,norfolk-st,1401,Texas A&M,texas-am
2025,1313,1403,0.47207805199918623,1313,Norfolk St,norfolk-st,1403,Texas Tech,texas-tech
2025,1313,1407,0.42714431901907185,1313,Norfolk St,norfolk-st,1407,Troy,troy
2025,1313,1417,0.5368663442488136,1313,Norfolk St,norfolk-st,1417,UCLA,ucla
2025,1313,1429,0.5350884578827007,1313,Norfolk St,norfolk-st,1429,Utah St,utah-st
2025,1313,1433,0.20423773494132058,1313,Norfolk St,norfolk-st,1433,VCU,vcu
2025,1313,1435,0.7316403941185519,1313,Norfolk St,norfolk-st,1435,Vanderbilt,vanderbilt
2025,1313,1458,0.39079970325881647,1313,Norfolk St,norfolk-st,1458,Wisconsin,wisconsin
2025,1313,1459,0.40089550730801454,1313,Norfolk St,norfolk-st,1459,Wofford,wofford
2025,1313,1462,0.4387205956326371,1313,Norfolk St,norfolk-st,1462,Xavier,xavier
2025,1313,1463,0.35512095862458415,1313,Norfolk St,norfolk-st,1463,Yale,yale
2025,1314,1328,0.9108370657834721,1314,North Carolina,north-carolina,1328,Oklahoma,oklahoma
2025,1314,1332,0.5656240320820425,1314,North Carolina,north-carolina,1332,Oregon,oregon
2025,1314,1345,0.6685397424569538,1314,North Carolina,north-carolina,1345,Purdue,purdue
2025,1314,1352,0.4438386589452474,1314,North Carolina,north-carolina,1352,Robert Morris,robert-morris
2025,1314,1361,0.49197316229203475,1314,North Carolina,north-carolina,1361,San Diego St,san-diego-st
2025,1314,1384,0.7214416443332736,1314,North Carolina,north-carolina,1384,St Francis PA,st-francis-pa
2025,1314,1385,0.568570918440541,1314,North Carolina,north-carolina,1385,St John's,st-johns-ny
2025,1314,1388,0.3799538145882883,1314,North Carolina,north-carolina,1388,St Mary's CA,st-marys-ca
2025,1314,1397,0.6469283069409246,1314,North Carolina,north-carolina,1397,Tennessee,tennessee
2025,1314,1400,0.8812075607936096,1314,North Carolina,north-carolina,1400,Texas,texas
2025,1314,1401,0.8909361591281546,1314,North Carolina,north-carolina,1401,Texas A&M,texas-am
2025,1314,1403,0.5168592689382993,1314,North Carolina,north-carolina,1403,Texas Tech,texas-tech
2025,1314,1407,0.5176000440150953,1314,North Carolina,north-carolina,1407,Troy,troy
2025,1314,1417,0.63445791290678,1314,North Carolina,north-carolina,1417,UCLA,ucla
2025,1314,1429,0.5717865691908406,1314,North Carolina,north-carolina,1429,Utah St,utah-st
2025,1314,1433,0.2554096094657152,1314,North Carolina,north-carolina,1433,VCU,vcu
2025,1314,1435,0.846491126261678,1314,North Carolina,north-carolina,1435,Vanderbilt,vanderbilt
2025,1314,1458,0.45753213382037045,1314,North Carolina,north-carolina,1458,Wisconsin,wisconsin
2025,1314,1459,0.43859689179685,1314,North Carolina,north-carolina,1459,Wofford,wofford
2025,1314,1462,0.45988122575501217,1314,North Carolina,north-carolina,1462,Xavier,xavier
2025,1314,1463,0.4508377712403838,1314,North Carolina,north-carolina,1463,Yale,yale
2025,1328,1332,0.1408953029045188,1328,Oklahoma,oklahoma,1332,Oregon,oregon
2025,1328,1345,0.162683041457097,1328,Oklahoma,oklahoma,1345,Purdue,purdue
2025,1328,1352,0.07520785029728377,1328,Oklahoma,oklahoma,1352,Robert Morris,robert-morris
2025,1328,1361,0.11893316467689463,1328,Oklahoma,oklahoma,1361,San Diego St,san-diego-st
2025,1328,1384,0.2072829683233246,1328,Oklahoma,oklahoma,1384,St Francis PA,st-francis-pa
2025,1328,1385,0.11779505608378915,1328,Oklahoma,oklahoma,1385,St John's,st-johns-ny
2025,1328,1388,0.08221505749379171,1328,Oklahoma,oklahoma,1388,St Mary's CA,st-marys-ca
2025,1328,1397,0.15098812258281985,1328,Oklahoma,oklahoma,1397,Tennessee,tennessee
2025,1328,1400,0.4323318948978908,1328,Oklahoma,oklahoma,1400,Texas,texas
2025,1328,1401,0.41394965745860474,1328,Oklahoma,oklahoma,1401,Texas A&M,texas-am
2025,1328,1403,0.11351109734932752,1328,Oklahoma,oklahoma,1403,Texas Tech,texas-tech
2025,1328,1407,0.1311432272945487,1328,Oklahoma,oklahoma,1407,Troy,troy
2025,1328,1417,0.20841539271302584,1328,Oklahoma,oklahoma,1417,UCLA,ucla
2025,1328,1429,0.13236244394749835,1328,Oklahoma,oklahoma,1429,Utah St,utah-st
2025,1328,1433,0.021133093935262248,1328,Oklahoma,oklahoma,1433,VCU,vcu
2025,1328,1435,0.3630436120916162,1328,Oklahoma,oklahoma,1435,Vanderbilt,vanderbilt
2025,1328,1458,0.0964053944308847,1328,Oklahoma,oklahoma,1458,Wisconsin,wisconsin
2025,1328,1459,0.10204673220668653,1328,Oklahoma,oklahoma,1459,Wofford,wofford
2025,1328,1462,0.09668060745587226,1328,Oklahoma,oklahoma,1462,Xavier,xavier
2025,1328,1463,0.06867597728219299,1328,Oklahoma,oklahoma,1463,Yale,yale
2025,1332,1345,0.6071055915546927,1332,Oregon,oregon,1345,Purdue,purdue
2025,1332,1352,0.3389864372988138,1332,Oregon,oregon,1352,Robert Morris,robert-morris
2025,1332,1361,0.48838010603365023,1332,Oregon,oregon,1361,San Diego St,san-diego-st
2025,1332,1384,0.6358432318990361,1332,Oregon,oregon,1384,St Francis PA,st-francis-pa
2025,1332,1385,0.4929370719697647,1332,Oregon,oregon,1385,St John's,st-johns-ny
2025,1332,1388,0.3662439572488274,1332,Oregon,oregon,1388,St Mary's CA,st-marys-ca
2025,1332,1397,0.5121577989498242,1332,Oregon,oregon,1397,Tennessee,tennessee
2025,1332,1400,0.8126789237796131,1332,Oregon,oregon,1400,Texas,texas
2025,1332,1401,0.7939061152971151,1332,Oregon,oregon,1401,Texas A&M,texas-am
2025,1332,1403,0.4948728540527777,1332,Oregon,oregon,1403,Texas Tech,texas-tech
2025,1332,1407,0.48109977317603003,1332,Oregon,oregon,1407,Troy,troy
2025,1332,1417,0.581018205535509,1332,Oregon,oregon,1417,UCLA,ucla
2025,1332,1429,0.5577043060183218,1332,Oregon,oregon,1429,Utah St,utah-st
2025,1332,1433,0.2102375568052003,1332,Oregon,oregon,1433,VCU,vcu
2025,1332,1435,0.7410038898651875,1332,Oregon,oregon,1435,Vanderbilt,vanderbilt
2025,1332,1458,0.46168470004812556,1332,Oregon,oregon,1458,Wisconsin,wisconsin
2025,1332,1459,0.43924430234381295,1332,Oregon,oregon,1459,Wofford,wofford
2025,1332,1462,0.4522890289758698,1332,Oregon,oregon,1462,Xavier,xavier
2025,1332,1463,0.4034145930665848,1332,Oregon,oregon,1463,Yale,yale
2025,1345,1352,0.20572075725179606,1345,Purdue,purdue,1352,Robert Morris,robert-morris
2025,1345,1361,0.33203426516886914,1345,Purdue,purdue,1361,San Diego St,san-diego-st
2025,1345,1384,0.5468254777098949,1345,Purdue,purdue,1384,St Francis PA,st-francis-pa
2025,1345,1385,0.3262727048507958,1345,Purdue,purdue,1385,St John's,st-johns-ny
2025,1345,1388,0.22108769281555807,1345,Purdue,purdue,1388,St Mary's CA,st-marys-ca
2025,1345,1397,0.36693995467093443,1345,Purdue,purdue,1397,Tennessee,tennessee
2025,1345,1400,0.6556761775983715,1345,Purdue,purdue,1400,Texas,texas
2025,1345,1401,0.7317028338383988,1345,Purdue,purdue,1401,Texas A&M,texas-am
2025,1345,1403,0.33256883099787415,1345,Purdue,purdue,1403,Texas Tech,texas-tech
2025,1345,1407,0.32598245985952534,1345,Purdue,purdue,1407,Troy,troy
2025,1345,1417,0.4537126621118232,1345,Purdue,purdue,1417,UCLA,ucla
2025,1345,1429,0.4067091528810458,1345,Purdue,purdue,1429,Utah St,utah-st
2025,1345,1433,0.11739631153624391,1345,Purdue,purdue,1433,VCU,vcu
2025,1345,1435,0.6497203298765066,1345,Purdue,purdue,1435,Vanderbilt,vanderbilt
2025,1345,1458,0.27954000138192536,1345,Purdue,purdue,1458,Wisconsin,wisconsin
2025,1345,1459,0.306200200759498,1345,Purdue,purdue,1459,Wofford,wofford
2025,1345,1462,0.29577941589047474,1345,Purdue,purdue,1462,Xavier,xavier
2025,1345,1463,0.22686052502479126,1345,Purdue,purdue,1463,Yale,yale
2025,1352,1361,0.642738543718732,1352,Robert Morris,robert-morris,1361,San Diego St,san-diego-st
2025,1352,1384,0.8234382164872016,1352,Robert Morris,robert-morris,1384,St Francis PA,st-francis-pa
2025,1352,1385,0.7039729274931568,1352,Robert Morris,robert-morris,1385,St John's,st-johns-ny
2025,1352,1388,0.5332031363704665,1352,Robert Morris,robert-morris,1388,St Mary's CA,st-marys-ca
2025,1352,1397,0.7399583384293942,1352,Robert Morris,robert-morris,1397,Tennessee,tennessee
2025,1352,1400,0.9139797234578387,1352,Robert Morris,robert-morris,1400,Texas,texas
2025,1352,1401,0.9171137528535083,1352,Robert Morris,robert-morris,1401,Texas A&M,texas-am
2025,1352,1403,0.6506756948116437,1352,Robert Morris,robert-morris,1403,Texas Tech,texas-tech
2025,1352,1407,0.677032563860505,1352,Robert Morris,robert-morris,1407,Troy,troy
2025,1352,1417,0.7562281862214809,1352,Robert Morris,robert-morris,1417,UCLA,ucla
2025,1352,1429,0.7178035799053384,1352,Robert Morris,robert-morris,1429,Utah St,utah-st
2025,1352,1433,0.35942433383864414,1352,Robert Morris,robert-morris,1433,VCU,vcu
2025,1352,1435,0.8735955904184558,1352,Robert Morris,robert-morris,1435,Vanderbilt,vanderbilt
2025,1352,1458,0.5876011799996146,1352,Robert Morris,robert-morris,1458,Wisconsin,wisconsin
2025,1352,1459,0.5788876559791665,1352,Robert Morris,robert-morris,1459,Wofford,wofford
2025,1352,1462,0.6166872082526026,1352,Robert Morris,robert-morris,1462,Xavier,xavier
2025,1352,1463,0.5660669732588142,1352,Robert Morris,robert-morris,1463,Yale,yale
2025,1361,1384,0.7128033640864635,1361,San Diego St,san-diego-st,1384,St Francis PA,st-francis-pa
2025,1361,1385,0.5192299026419268,1361,San Diego St,san-diego-st,1385,St John's,st-johns-ny
2025,1361,1388,0.3705201367180888,1361,San Diego St,san-diego-st,1388,St Mary's CA,st-marys-ca
2025,1361,1397,0.5895453899145575,1361,San Diego St,san-diego-st,1397,Tennessee,tennessee
2025,1361,1400,0.8388337806536056,1361,San Diego St,san-diego-st,1400,Texas,texas
2025,1361,1401,0.8504469358767858,1361,San Diego St,san-diego-st,1401,Texas A&M,texas-am
2025,1361,1403,0.5268706701656382,1361,San Diego St,san-diego-st,1403,Texas Tech,texas-tech
2025,1361,1407,0.4931322074005003,1361,San Diego St,san-diego-st,1407,Troy,troy
2025,1361,1417,0.6094914758814597,1361,San Diego St,san-diego-st,1417,UCLA,ucla
2025,1361,1429,0.6028343616254328,1361,San Diego St,san-diego-st,1429,Utah St,utah-st
2025,1361,1433,0.23937461676008587,1361,San Diego St,san-diego-st,1433,VCU,vcu
2025,1361,1435,0.7907267483734906,1361,San Diego St,san-diego-st,1435,Vanderbilt,vanderbilt
2025,1361,1458,0.46357409063203747,1361,San Diego St,san-diego-st,1458,Wisconsin,wisconsin
2025,1361,1459,0.44409360726148245,1361,San Diego St,san-diego-st,1459,Wofford,wofford
2025,1361,1462,0.5348907678570237,1361,San Diego St,san-diego-st,1462,Xavier,xavier
2025,1361,1463,0.4270472641762439,1361,San Diego St,san-diego-st,1463,Yale,yale
2025,1384,1385,0.3370274956566503,1384,St Francis PA,st-francis-pa,1385,St John's,st-johns-ny
2025,1384,1388,0.21363061599592864,1384,St Francis PA,st-francis-pa,1388,St Mary's CA,st-marys-ca
2025,1384,1397,0.38935818797786337,1384,St Francis PA,st-francis-pa,1397,Tennessee,tennessee
2025,1384,1400,0.7182240076990777,1384,St Francis PA,st-francis-pa,1400,Texas,texas
2025,1384,1401,0.7509233313848196,1384,St Francis PA,st-francis-pa,1401,Texas A&M,texas-am
2025,1384,1403,0.3473328349918994,1384,St Francis PA,st-francis-pa,1403,Texas Tech,texas-tech
2025,1384,1407,0.2996489054605608,1384,St Francis PA,st-francis-pa,1407,Troy,troy
2025,1384,1417,0.4221625371647799,1384,St Francis PA,st-francis-pa,1417,UCLA,ucla
2025,1384,1429,0.39805177113801304,1384,St Francis PA,st-francis-pa,1429,Utah St,utah-st
2025,1384,1433,0.14508366206917372,1384,St Francis PA,st-francis-pa,1433,VCU,vcu
2025,1384,1435,0.6892363386857705,1384,St Francis PA,st-francis-pa,1435,Vanderbilt,vanderbilt
2025,1384,1458,0.2685022490293198,1384,St Francis PA,st-francis-pa,1458,Wisconsin,wisconsin
2025,1384,1459,0.29037123857899905,1384,St Francis PA,st-francis-pa,1459,Wofford,wofford
2025,1384,1462,0.2915704837325792,1384,St Francis PA,st-francis-pa,1462,Xavier,xavier
2025,1384,1463,0.24311220906482162,1384,St Francis PA,st-francis-pa,1463,Yale,yale
2025,1385,1388,0.3590315538814789,1385,St John's,st-johns-ny,1388,St Mary's CA,st-marys-ca
2025,1385,1397,0.5248481318978285,1385,St John's,st-johns-ny,1397,Tennessee,tennessee
2025,1385,1400,0.8634564341568872,1385,St John's,st-johns-ny,1400,Texas,texas
2025,1385,1401,0.846334094595794,1385,St John's,st-johns-ny,1401,Texas A&M,texas-am
2025,1385,1403,0.5220469897030303,1385,St John's,st-johns-ny,1403,Texas Tech,texas-tech
2025,1385,1407,0.4913170201082842,1385,St John's,st-johns-ny,1407,Troy,troy
2025,1385,1417,0.6056950999344254,1385,St John's,st-johns-ny,1417,UCLA,ucla
2025,1385,1429,0.5663051006634288,1385,St John's,st-johns-ny,1429,Utah St,utah-st
2025,1385,1433,0.21985968613470336,1385,St John's,st-johns-ny,1433,VCU,vcu
2025,1385,1435,0.8189474928948088,1385,St John's,st-johns-ny,1435,Vanderbilt,vanderbilt
2025,1385,1458,0.4816644812347532,1385,St John's,st-johns-ny,1458,Wisconsin,wisconsin
2025,1385,1459,0.45200659136957516,1385,St John's,st-johns-ny,1459,Wofford,wofford
2025,1385,1462,0.4690709227302307,1385,St John's,st-johns-ny,1462,Xavier,xavier
2025,1385,1463,0.413214486018739,1385,St John's,st-johns-ny,1463,Yale,yale
2025,1388,1397,0.6525352170311679,1388,St Mary's CA,st-marys-ca,1397,Tennessee,tennessee
2025,1388,1400,0.9132770020323384,1388,St Mary's CA,st-marys-ca,1400,Texas,texas
2025,1388,1401,0.9289558009936603,1388,St Mary's CA,st-marys-ca,1401,Texas A&M,texas-am
2025,1388,1403,0.6090732306973758,1388,St Mary's CA,st-marys-ca,1403,Texas Tech,texas-tech
2025,1388,1407,0.5523313370048827,1388,St Mary's CA,st-marys-ca,1407,Troy,troy
2025,1388,1417,0.667333510728692,1388,St Mary's CA,st-marys-ca,1417,UCLA,ucla
2025,1388,1429,0.6730330343463611,1388,St Mary's CA,st-marys-ca,1429,Utah St,utah-st
2025,1388,1433,0.3421756428050259,1388,St Mary's CA,st-marys-ca,1433,VCU,vcu
2025,1388,1435,0.9037288253790934,1388,St Mary's CA,st-marys-ca,1435,Vanderbilt,vanderbilt
2025,1388,1458,0.5340488669265651,1388,St Mary's CA,st-marys-ca,1458,Wisconsin,wisconsin
2025,1388,1459,0.5246518976560369,1388,St Mary's CA,st-marys-ca,1459,Wofford,wofford
2025,1388,1462,0.5871473248273834,1388,St Mary's CA,st-marys-ca,1462,Xavier,xavier
2025,1388,1463,0.5031268617034119,1388,St Mary's CA,st-marys-ca,1463,Yale,yale
2025,1397,1400,0.7644696803413791,1397,Tennessee,tennessee,1400,Texas,texas
2025,1397,1401,0.7873797494850396,1397,Tennessee,tennessee,1401,Texas A&M,texas-am
2025,1397,1403,0.4410572673583749,1397,Tennessee,tennessee,1403,Texas Tech,texas-tech
2025,1397,1407,0.38393722388520934,1397,Tennessee,tennessee,1407,Troy,troy
2025,1397,1417,0.5033417007631162,1397,Tennessee,tennessee,1417,UCLA,ucla
2025,1397,1429,0.4940055642191825,1397,Tennessee,tennessee,1429,Utah St,utah-st
2025,1397,1433,0.16302070695702414,1397,Tennessee,tennessee,1433,VCU,vcu
2025,1397,1435,0.7164046116025392,1397,Tennessee,tennessee,1435,Vanderbilt,vanderbilt
2025,1397,1458,0.3596347435343401,1397,Tennessee,tennessee,1458,Wisconsin,wisconsin
2025,1397,1459,0.35541813213350504,1397,Tennessee,tennessee,1459,Wofford,wofford
2025,1397,1462,0.39375038409450425,1397,Tennessee,tennessee,1462,Xavier,xavier
2025,1397,1463,0.33640276707808614,1397,Tennessee,tennessee,1463,Yale,yale
2025,1400,1401,0.4953575441473534,1400,Texas,texas,1401,Texas A&M,texas-am
2025,1400,1403,0.14123347188753255,1400,Texas,texas,1403,Texas Tech,texas-tech
2025,1400,1407,0.12975691205074874,1400,Texas,texas,1407,Troy,troy
2025,1400,1417,0.20839810041957474,1400,Texas,texas,1417,UCLA,ucla
2025,1400,1429,0.16502188923352518,1400,Texas,texas,1429,Utah St,utah-st
2025,1400,1433,0.029199467762932085,1400,Texas,texas,1433,VCU,vcu
2025,1400,1435,0.43252664937592694,1400,Texas,texas,1435,Vanderbilt,vanderbilt
2025,1400,1458,0.11756132280818532,1400,Texas,texas,1458,Wisconsin,wisconsin
2025,1400,1459,0.1183870048503391,1400,Texas,texas,1459,Wofford,wofford
2025,1400,1462,0.12188219380102916,1400,Texas,texas,1462,Xavier,xavier
2025,1400,1463,0.11080306921165722,1400,Texas,texas,1463,Yale,yale
2025,1401,1403,0.17387711278089668,1401,Texas A&M,texas-am,1403,Texas Tech,texas-tech
2025,1401,1407,0.14741539496926315,1401,Texas A&M,texas-am,1407,Troy,troy
2025,1401,1417,0.23863628559210937,1401,Texas A&M,texas-am,1417,UCLA,ucla
2025,1401,1429,0.1721077752396954,1401,Texas A&M,texas-am,1429,Utah St,utah-st
2025,1401,1433,0.048367692086594305,1401,Texas A&M,texas-am,1433,VCU,vcu
2025,1401,1435,0.4392442672658551,1401,Texas A&M,texas-am,1435,Vanderbilt,vanderbilt
2025,1401,1458,0.16890678973352008,1401,Texas A&M,texas-am,1458,Wisconsin,wisconsin
2025,1401,1459,0.13196363342340794,1401,Texas A&M,texas-am,1459,Wofford,wofford
2025,1401,1462,0.1836623976985357,1401,Texas A&M,texas-am,1462,Xavier,xavier
2025,1401,1463,0.14222267083030155,1401,Texas A&M,texas-am,1463,Yale,yale
2025,1403,1407,0.43694447576148543,1403,Texas Tech,texas-tech,1407,Troy,troy
2025,1403,1417,0.5563372021316549,1403,Texas Tech,texas-tech,1417,UCLA,ucla
2025,1403,1429,0.5484126832230684,1403,Texas Tech,texas-tech,1429,Utah St,utah-st
2025,1403,1433,0.20973072123492492,1403,Texas Tech,texas-tech,1433,VCU,vcu
2025,1403,1435,0.7981934733338447,1403,Texas Tech,texas-tech,1435,Vanderbilt,vanderbilt
2025,1403,1458,0.3957543451259732,1403,Texas Tech,texas-tech,1458,Wisconsin,wisconsin
2025,1403,1459,0.41477523366436697,1403,Texas Tech,texas-tech,1459,Wofford,wofford
2025,1403,1462,0.4220703699139627,1403,Texas Tech,texas-tech,1462,Xavier,xavier
2025,1403,1463,0.3425950001263251,1403,Texas Tech,texas-tech,1463,Yale,yale
2025,1407,1417,0.6219725237156675,1407,Troy,troy,1417,UCLA,ucla
2025,1407,1429,0.6005649851082375,1407,Troy,troy,1429,Utah St,utah-st
2025,1407,1433,0.2513736613813205,1407,Troy,troy,1433,VCU,vcu
2025,1407,1435,0.8399693228651619,1407,Troy,troy,1435,Vanderbilt,vanderbilt
2025,1407,1458,0.4804689158272131,1407,Troy,troy,1458,Wisconsin,wisconsin
2025,1407,1459,0.46850455829849325,1407,Troy,troy,1459,Wofford,wofford
2025,1407,1462,0.5096589948504546,1407,Troy,troy,1462,Xavier,xavier
2025,1407,1463,0.4644679276664143,1407,Troy,troy,1463,Yale,yale
2025,1417,1429,0.45710784272451255,1417,UCLA,ucla,1429,Utah St,utah-st
2025,1417,1433,0.18255358491173046,1417,UCLA,ucla,1433,VCU,vcu
2025,1417,1435,0.7405910464310318,1417,UCLA,ucla,1435,Vanderbilt,vanderbilt
2025,1417,1458,0.3532709048226569,1417,UCLA,ucla,1458,Wisconsin,wisconsin
2025,1417,1459,0.3641512163899917,1417,UCLA,ucla,1459,Wofford,wofford
2025,1417,1462,0.3663165010564712,1417,UCLA,ucla,1462,Xavier,xavier
2025,1417,1463,0.33511457432011643,1417,UCLA,ucla,1463,Yale,yale
2025,1429,1433,0.20170760326815462,1429,Utah St,utah-st,1433,VCU,vcu
2025,1429,1435,0.8207791502006152,1429,Utah St,utah-st,1435,Vanderbilt,vanderbilt
2025,1429,1458,0.37546895169407446,1429,Utah St,utah-st,1458,Wisconsin,wisconsin
2025,1429,1459,0.3910273151683226,1429,Utah St,utah-st,1459,Wofford,wofford
2025,1429,1462,0.37306296306497716,1429,Utah St,utah-st,1462,Xavier,xavier
2025,1429,1463,0.34070339793872023,1429,Utah St,utah-st,1463,Yale,yale
2025,1433,1435,0.9387463328955981,1433,VCU,vcu,1435,Vanderbilt,vanderbilt
2025,1433,1458,0.7144107780590492,1433,VCU,vcu,1458,Wisconsin,wisconsin
2025,1433,1459,0.6832326702297087,1433,VCU,vcu,1459,Wofford,wofford
2025,1433,1462,0.759537027181864,1433,VCU,vcu,1462,Xavier,xavier
2025,1433,1463,0.7342847253019301,1433,VCU,vcu,1463,Yale,yale
2025,1435,1458,0.1908559103587974,1435,Vanderbilt,vanderbilt,1458,Wisconsin,wisconsin
2025,1435,1459,0.15839117829232707,1435,Vanderbilt,vanderbilt,1459,Wofford,wofford
2025,1435,1462,0.19400677530319155,1435,Vanderbilt,vanderbilt,1462,Xavier,xavier
2025,1435,1463,0.16088511053472393,1435,Vanderbilt,vanderbilt,1463,Yale,yale
2025,1458,1459,0.4843218987046131,1458,Wisconsin,wisconsin,1459,Wofford,wofford
2025,1458,1462,0.5674790949877259,1458,Wisconsin,wisconsin,1462,Xavier,xavier
2025,1458,1463,0.4613558344612202,1458,Wisconsin,wisconsin,1463,Yale,yale
2025,1459,1462,0.5771196812971232,1459,Wofford,wofford,1462,Xavier,xavier
2025,1459,1463,0.49172723585464556,1459,Wofford,wofford,1463,Yale,yale
2025,1462,1463,0.4210791304819525,1462,Xavier,xavier,1463,Yale,yale
